"datetime","well_ft","tide_ft","rain_in","Well"
Oct 2007,0.455682368775235,0.0828172043010752,6.225,"G-3549"
Oct 2007,1.26919650067295,-0.176606182795699,7.971,"F-319"
Oct 2007,1.2700198019802,NA,8.594,"G-852"
Oct 2007,1.2942732166891,0.0832526881720431,10.723,"G-860"
Oct 2007,1.33343876177658,-0.418421908602151,7.029012,"G-1220"
Oct 2007,1.39826446837147,-0.176606182795699,6.67,"F-179"
Oct 2007,1.54563440860215,0.0544650537634408,10.232,"G-580A"
Oct 2007,1.56464864864865,0.0874623655913978,7.113,"F-45"
Oct 2007,1.59578086419753,-0.418421908602151,7.972872,"G-561"
Oct 2007,2.61886406460296,-1.18750349462366,8.489976,"PB-1680"
Oct 2007,4.30374242424242,-0.894444489247312,7.875012,"G-2147"
Oct 2007,5.52483967391304,-1.18750349462366,9.487908,"G-1260"
Oct 2007,7.11709221902017,-0.894444489247312,7.19196,"G-2866"
Nov 2007,0.0884798890429958,-0.329347222222222,0.08,"G-3549"
Nov 2007,0.780395284327323,-0.546261805555556,2.13996,"G-1220"
Nov 2007,0.823257281553398,-0.490693055555556,1.39,"F-179"
Nov 2007,0.915321428571429,-0.331736111111111,1.64,"F-45"
Nov 2007,0.976506241331484,-0.490693055555556,1.35,"F-319"
Nov 2007,0.982790568654646,NA,3.72,"G-852"
Nov 2007,1.15132038834951,-0.546261805555556,2.14992,"G-561"
Nov 2007,1.45044444444444,-0.339,1.08,"G-580A"
Nov 2007,1.48640083217753,-0.343083333333333,1.72,"G-860"
Nov 2007,2.01666019417476,-1.18718597222222,0.67998,"PB-1680"
Nov 2007,4.24020208023774,-0.892018055555556,0.99996,"G-2147"
Nov 2007,4.83102912621359,-1.18718597222222,0.809976,"G-1260"
Nov 2007,6.715125,-0.892018055555556,1.879968,"G-2866"
Dec 2007,-0.0803897849462365,-0.838738172043011,1.699944,"G-1220"
Dec 2007,0.111341397849462,-0.838738172043011,0.979956,"G-561"
Dec 2007,0.118066532258065,-0.960018817204301,0.3,"F-179"
Dec 2007,0.212569892473118,-0.834405913978495,0.53,"F-45"
Dec 2007,0.319954301075269,-0.871537634408602,0.97,"G-3549"
Dec 2007,0.359534818941504,NA,0.41,"G-852"
Dec 2007,0.586604838709677,-0.960018817204301,0.26,"F-319"
Dec 2007,0.899054054054054,-0.870037634408602,0.46,"G-580A"
Dec 2007,1.01129032258065,-0.798239247311828,0.69,"G-860"
Dec 2007,1.22689247311828,-1.18805739247312,0.539964,"PB-1680"
Dec 2007,3.23097297297297,-0.89340564516129,0.349956,"G-2147"
Dec 2007,3.71279056865465,-1.18805739247312,0.399984,"G-1260"
Dec 2007,5.354,-0.89340564516129,0.399972,"G-2866"
Jan 2008,-0.224489247311828,-1.08635564516129,2.09988,"G-1220"
Jan 2008,0.0795940860215053,-1.08635564516129,1.91994,"G-561"
Jan 2008,0.162334005376344,-0.885833333333333,0.87,"F-179"
Jan 2008,0.184958277254374,-0.73580376344086,1.05,"F-45"
Jan 2008,0.240860759493671,NA,0.9,"G-852"
Jan 2008,0.561604838709677,-0.885833333333333,1.5,"F-319"
Jan 2008,0.564040322580645,-0.74589247311828,1.18,"G-3549"
Jan 2008,0.756951612903226,-0.781502688172043,0.75,"G-580A"
Jan 2008,0.858790322580645,-0.710362903225806,1.02,"G-860"
Jan 2008,1.58441935483871,-1.1871564516129,3.769992,"PB-1680"
Jan 2008,2.83392462987887,-0.892176209677419,2.53998,"G-2147"
Jan 2008,2.92681182795699,-1.1871564516129,2.719944,"G-1260"
Jan 2008,4.41473883626522,-0.892176209677419,1.839912,"G-2866"
Feb 2008,-0.195416666666667,-1.14194827586207,4.319892,"G-1220"
Feb 2008,0.154915229885058,-1.3068908045977,2.65,"F-179"
Feb 2008,0.191612068965517,-1.14194827586207,4.499928,"G-561"
Feb 2008,0.442756914119359,NA,3.675,"G-852"
Feb 2008,0.483815972222222,-1.17327873563218,3.75,"F-45"
Feb 2008,0.517706896551724,-1.19085632183908,1.31,"G-3549"
Feb 2008,0.539261494252874,-1.3068908045977,3.4,"F-319"
Feb 2008,0.720566666666667,-1.19600862068966,2.58,"G-580A"
Feb 2008,0.8325,-1.14597701149425,1.56,"G-860"
Feb 2008,1.96544827586207,-1.18843189655172,5.84994,"PB-1680"
Feb 2008,2.82774314574315,-0.89247974137931,4.619952,"G-2147"
Feb 2008,2.93100862068966,-1.18843189655172,5.329908,"G-1260"
Feb 2008,4.63438728323699,-0.89247974137931,5.289888,"G-2866"
Mar 2008,-0.0506123822341857,-1.04258384925976,5.219964,"G-1220"
Mar 2008,0.190734185733513,-1.23147983870968,3.87,"F-179"
Mar 2008,0.359900403768506,-1.04258384925976,5.049972,"G-561"
Mar 2008,0.381167115902965,-0.996932795698925,3.22,"F-45"
Mar 2008,0.442448369565217,NA,4.51,"G-852"
Mar 2008,0.478846567967699,-1.23147983870968,3.34,"F-319"
Mar 2008,0.513542395693136,-1.0739435483871,2.01,"G-3549"
Mar 2008,0.532336633663366,-1.10390860215054,2.05,"G-580A"
Mar 2008,0.661123822341857,-1.01162634408602,2.47,"G-860"
Mar 2008,2.04318438761777,-1.18536473755047,4.829964,"PB-1680"
Mar 2008,3.23093674293405,-0.891049528936743,7.669968,"G-2147"
Mar 2008,3.31855450874832,-1.18536473755047,4.4199,"G-1260"
Mar 2008,4.88635800807537,-0.891049528936743,6.109956,"G-2866"
Apr 2008,0.0274583333333334,-0.936549722222222,2.97996,"G-1220"
Apr 2008,0.422944444444444,-0.936549722222222,2.63994,"G-561"
Apr 2008,0.428784422809457,-0.541277777777778,2.78,"G-3549"
Apr 2008,0.673772511848341,-0.690306944444444,3.69,"F-179"
Apr 2008,0.836158415841584,NA,3.655,"G-852"
Apr 2008,0.892569444444445,-0.690306944444444,4.06,"F-319"
Apr 2008,1.00959944367177,-0.388208333333333,4.14,"F-45"
Apr 2008,1.04670833333333,-0.566305555555556,4.04,"G-580A"
Apr 2008,1.16127777777778,-0.488180555555556,3.89,"G-860"
Apr 2008,2.22611111111111,-1.18690902777778,2.439924,"PB-1680"
Apr 2008,3.5885090403338,-0.891800972222222,2.539932,"G-2147"
Apr 2008,3.941,-1.18690902777778,3.179916,"G-1260"
Apr 2008,5.50979415855355,-0.891800972222222,2.910012,"G-2866"
May 2008,-0.294314516129032,-0.929180913978495,2.95998,"G-1220"
May 2008,0.0963413978494623,-0.929180913978495,3.089988,"G-561"
May 2008,0.326710252600297,NA,3.63,"G-852"
May 2008,0.42108064516129,-0.85358064516129,2.5,"F-179"
May 2008,0.493975773889637,-0.63330376344086,4.9,"F-45"
May 2008,0.532494623655914,-0.736510752688172,4.44,"G-3549"
May 2008,0.537854838709677,-0.85358064516129,1.54,"F-319"
May 2008,0.626790322580645,-0.74708064516129,1.03,"G-580A"
May 2008,0.777822580645161,-0.696397849462365,1.8,"G-860"
May 2008,1.52900808625337,-1.18574516129032,3.719988,"PB-1680"
May 2008,2.94868909825034,-0.889843682795699,3.879924,"G-2147"
May 2008,3.27205376344086,-1.18574516129032,3.039984,"G-1260"
May 2008,4.34036559139785,-0.889843682795699,3.699972,"G-2866"
Jun 2008,-0.205375,-0.981407222222222,4.4298,"G-1220"
Jun 2008,0.248930555555555,-0.981407222222222,6.069876,"G-561"
Jun 2008,0.566308300395257,NA,3.67,"G-852"
Jun 2008,0.573625,-1.01935694444444,6.63,"F-319"
Jun 2008,0.595,-1.01935694444444,6.25,"F-179"
Jun 2008,0.817,-0.872388888888889,4.96,"G-580A"
Jun 2008,0.87697619047619,-0.852611111111111,11.03,"G-3549"
Jun 2008,1.00848678720445,-0.781291666666667,5.83,"F-45"
Jun 2008,1.09093055555556,-0.837055555555555,5.26,"G-860"
Jun 2008,1.53483333333333,-1.18762180555556,3.729876,"PB-1680"
Jun 2008,2.80925,-0.891623194444444,3.489936,"G-2147"
Jun 2008,3.23718055555556,-1.18762180555556,5.089848,"G-1260"
Jun 2008,4.17009722222222,-0.891623194444444,4.189872,"G-2866"
Jul 2008,-0.101979166666667,-0.94845497311828,6.389988,"G-1220"
Jul 2008,0.571123655913978,-0.575112903225806,4.35,"G-3549"
Jul 2008,0.678370967741935,-0.94845497311828,6.739908,"G-561"
Jul 2008,0.694889273356401,NA,6.025,"G-852"
Jul 2008,0.924467741935484,-0.661295698924731,4.96,"F-179"
Jul 2008,0.951633916554509,-0.37811559139785,6.5,"F-45"
Jul 2008,1.13220967741935,-0.661295698924731,7.66,"F-319"
Jul 2008,1.35683064516129,-0.566233870967742,5.54,"G-580A"
Jul 2008,1.49817204301075,-0.530846774193548,4.15,"G-860"
Jul 2008,1.86792741935484,-1.1886376344086,3.849852,"PB-1680"
Jul 2008,3.18978225806452,-0.891625537634409,5.879928,"G-2147"
Jul 2008,4.30819623655914,-1.1886376344086,5.999772,"G-1260"
Jul 2008,5.26499731903485,-0.891625537634409,7.639956,"G-2866"
Aug 2008,0.407790322580645,-0.537868279569892,8.5,"G-3549"
Aug 2008,1.02002450980392,-0.76146626344086,10.139724,"G-1220"
Aug 2008,1.13873655913979,-0.479220430107527,13.79,"G-860"
Aug 2008,1.15795430107527,-0.76146626344086,9.289764,"G-561"
Aug 2008,1.18610752688172,-0.617521505376344,11.49,"F-319"
Aug 2008,1.23716935483871,-0.617521505376344,10.62,"F-179"
Aug 2008,1.42638709677419,-0.366569892473118,12.47,"G-580A"
Aug 2008,1.48710752688172,NA,11.52,"G-852"
Aug 2008,1.56358546433378,-0.277739247311828,9.1,"F-45"
Aug 2008,2.61408333333333,-1.18865201612903,13.869744,"PB-1680"
Aug 2008,3.63607258064516,-0.892883333333333,10.889832,"G-2147"
Aug 2008,5.1285188172043,-1.18865201612903,11.949876,"G-1260"
Aug 2008,6.0335376344086,-0.892883333333333,10.259856,"G-2866"
Sep 2008,0.405555555555556,0.331152777777778,4.79,"G-3549"
Sep 2008,0.716008321775312,NA,5.305,"G-852"
Sep 2008,0.823763888888889,-0.520464722222222,6.339912,"G-1220"
Sep 2008,0.931819444444445,0.294333333333333,8.62,"G-860"
Sep 2008,0.944777777777778,0.342305555555556,6.08,"F-45"
Sep 2008,1.08377777777778,0.319,8.85,"G-580A"
Sep 2008,1.10431944444444,-0.520464722222222,6.25986,"G-561"
Sep 2008,1.18444444444444,0.0686722222222222,10.27,"F-319"
Sep 2008,1.19831944444444,0.0686722222222222,6.06,"F-179"
Sep 2008,3.25381944444444,-1.18734708333333,9.629856,"PB-1680"
Sep 2008,4.31731944444444,-0.892632777777778,6.899904,"G-2147"
Sep 2008,5.79273611111111,-1.18734708333333,9.129972,"G-1260"
Sep 2008,7.15116666666667,-0.892632777777778,8.049936,"G-2866"
Oct 2008,0.343086021505376,0.111137096774194,5.82,"G-3549"
Oct 2008,0.714529569892473,0.0498655913978495,11.27,"G-860"
Oct 2008,1.53460317460317,-0.416882392473118,8.479824,"G-1220"
Oct 2008,1.61565053763441,-0.150595430107527,8.2,"F-179"
Oct 2008,1.6505564516129,-0.150595430107527,10.18,"F-319"
Oct 2008,1.65283870967742,0.273846774193548,12.49,"G-580A"
Oct 2008,1.71261538461538,0.162395161290323,5.96,"F-45"
Oct 2008,1.73029530201342,NA,10.52,"G-852"
Oct 2008,1.97355913978495,-0.416882392473118,8.149848,"G-561"
Oct 2008,3.11626075268817,-1.188225,4.909872,"PB-1680"
Oct 2008,4.58455376344086,-0.893297311827957,8.289972,"G-2147"
Oct 2008,5.89721505376344,-1.188225,5.79984,"G-1260"
Oct 2008,7.29122580645161,-0.893297311827957,5.999832,"G-2866"
Nov 2008,-0.0670818307905687,-0.288458333333333,0.44,"G-3549"
Nov 2008,0.540418862690707,NA,1.25,"G-852"
Nov 2008,0.557649098474341,-0.552365138888889,1.019988,"G-1220"
Nov 2008,0.67174479889043,-0.235083333333333,1.86,"F-45"
Nov 2008,0.740861303744799,-0.470163888888889,0.88,"F-179"
Nov 2008,0.771805555555556,-0.303444444444444,0.65,"G-860"
Nov 2008,0.781334257975035,-0.552365138888889,1.169988,"G-561"
Nov 2008,0.906180555555556,-0.349486111111111,1.26,"G-580A"
Nov 2008,0.964384188626907,-0.470163888888889,0.85,"F-319"
Nov 2008,1.87740915395284,-1.18783944444444,0.45996,"PB-1680"
Nov 2008,3.87029166666667,-0.892150694444444,0.96996,"G-2147"
Nov 2008,4.83932316227462,-1.18783944444444,0.530004,"G-1260"
Nov 2008,6.03397780859917,-0.892150694444444,0.839976,"G-2866"
Dec 2008,-0.211760752688172,-0.84566626344086,0.239988,"G-1220"
Dec 2008,-0.0109301075268818,-0.84566626344086,0.33996,"G-561"
Dec 2008,0.0933118279569893,-1.12869220430108,0.3,"F-179"
Dec 2008,0.118094086021505,-0.959970430107527,0.27,"F-45"
Dec 2008,0.119376344086021,-0.934991935483871,0.3,"G-3549"
Dec 2008,0.244272727272727,NA,0.14,"G-852"
Dec 2008,0.554897849462366,-1.12869220430108,0.24,"F-319"
Dec 2008,0.66683064516129,-0.994755376344086,0.12,"G-580A"
Dec 2008,0.698763440860215,-0.929314516129032,0.1,"G-860"
Dec 2008,1.63395154777927,-1.18937432795699,0.269988,"PB-1680"
Dec 2008,3.1196383265857,-0.893241801075269,0.26994,"G-2147"
Dec 2008,3.80323511904762,-1.18937432795699,0.269964,"G-1260"
Dec 2008,4.87152150537634,-0.893241801075269,0.21996,"G-2866"
Jan 2009,-0.821908602150538,-1.09229233870968,0.359988,"G-1220"
Jan 2009,-0.51541935483871,-1.09229233870968,0.359988,"G-561"
Jan 2009,-0.228341397849462,-1.38456451612903,0.06,"F-179"
Jan 2009,-0.114826379542396,-1.22974193548387,0.64,"F-45"
Jan 2009,-0.0394905660377359,NA,0.28,"G-852"
Jan 2009,0.199766129032258,-1.25378225806452,0.04,"G-3549"
Jan 2009,0.392182795698925,-1.38456451612903,0.05,"F-319"
Jan 2009,0.48935752688172,-1.28855913978495,0.04,"G-580A"
Jan 2009,0.581599462365591,-1.23680107526882,0.03,"G-860"
Jan 2009,1.41478225806452,-1.19021841397849,0.199968,"PB-1680"
Jan 2009,2.73525675675676,-0.894501612903226,2.659992,"G-2147"
Jan 2009,2.91053591160221,-1.19021841397849,0.179976,"G-1260"
Jan 2009,3.92002956989247,-0.894501612903226,0.369948,"G-2866"
Feb 2009,-1.06084821428571,-1.13993154761905,0.159984,"G-1220"
Feb 2009,-0.62814880952381,-1.13993154761905,0.209988,"G-561"
Feb 2009,-0.305425438596491,-1.30995238095238,0.1,"F-179"
Feb 2009,-0.205567164179104,-1.15263988095238,0.3,"F-45"
Feb 2009,-0.0335952380952381,NA,0.475,"G-852"
Feb 2009,0.244208333333333,-1.13452678571429,0.46,"G-3549"
Feb 2009,0.289616071428572,-1.30995238095238,0.11,"F-319"
Feb 2009,0.358178571428571,-1.18354761904762,0.2,"G-580A"
Feb 2009,0.480074404761905,-1.10988095238095,0.86,"G-860"
Feb 2009,1.1148125,-1.1864818452381,0.24,"PB-1680"
Feb 2009,2.03938095238095,-0.890238244047619,0.219996,"G-2147"
Feb 2009,2.09022822822823,-1.1864818452381,0.289992,"G-1260"
Feb 2009,2.99919047619048,-0.890238244047619,0.28998,"G-2866"
Mar 2009,-0.396749663526245,-1.04936931359354,5.979864,"G-1220"
Mar 2009,-0.0286460296096905,-1.04936931359354,5.6499,"G-561"
Mar 2009,0.0477039030955585,-0.789244623655914,2.76,"F-45"
Mar 2009,0.118312247644684,NA,2.675,"G-852"
Mar 2009,0.260444444444444,-0.961974462365591,2.18,"F-179"
Mar 2009,0.362588156123822,-0.961974462365591,2.34,"F-319"
Mar 2009,0.364457604306864,-0.75966935483871,2.81,"G-3549"
Mar 2009,0.492239569313594,-0.813478494623656,2.09,"G-580A"
Mar 2009,0.660531628532975,-0.717392473118279,8.39,"G-860"
Mar 2009,1.07532436069987,-1.19032920592194,8.649888,"PB-1680"
Mar 2009,2.51377658142665,-1.19032920592194,11.939916,"G-1260"
Mar 2009,2.63046567967698,-0.897088963660834,11.849832,"G-2147"
Mar 2009,3.37518707940781,-0.897088963660834,12.579912,"G-2866"
Apr 2009,-0.278236111111111,-0.938384722222222,0.639984,"G-1220"
Apr 2009,-0.0963472222222223,-0.938384722222222,0.34998,"G-561"
Apr 2009,0.0990312500000001,-1.12506944444444,2.27,"F-179"
Apr 2009,0.273730180806676,-0.939805555555556,4.16,"F-45"
Apr 2009,0.300890429958391,NA,2.74,"G-852"
Apr 2009,0.308763888888889,-1.12506944444444,0.72,"F-319"
Apr 2009,0.366335644937587,-0.994055555555556,0.46,"G-580A"
Apr 2009,0.482986111111111,-0.919027777777778,0.96,"G-860"
Apr 2009,0.494111111111111,-0.967569444444444,0.49,"G-3549"
Apr 2009,1.59601388888889,-1.18693263888889,0.759984,"PB-1680"
Apr 2009,2.93630555555556,-0.892970138888889,0.580008,"G-2147"
Apr 2009,3.141625,-1.18693263888889,0.3,"G-1260"
Apr 2009,4.27483333333333,-0.892970138888889,1.069956,"G-2866"
May 2009,-0.0737365591397849,-0.930511559139785,9.019908,"G-1220"
May 2009,-0.000905913978494656,-0.746524193548387,9.84,"G-3549"
May 2009,0.345870967741935,-0.930511559139785,10.619916,"G-561"
May 2009,0.376379704301075,-0.889185483870968,7.8,"F-179"
May 2009,0.427338709677419,-0.682244623655914,7.3,"G-860"
May 2009,0.535889636608345,NA,8.515,"G-852"
May 2009,0.572599462365591,-0.889185483870968,9.43,"F-319"
May 2009,0.662562584118439,-0.641274193548387,9.14,"F-45"
May 2009,0.700634408602151,-0.748666666666667,9.42,"G-580A"
May 2009,1.98908333333333,-1.18448924731183,10.909932,"PB-1680"
May 2009,2.63971505376344,-0.890968817204301,6.829824,"G-2147"
May 2009,3.22872043010753,-1.18448924731183,12.589848,"G-1260"
May 2009,4.01779811574697,-0.890968817204301,7.839924,"G-2866"
Jun 2009,0.404736111111111,-0.611722222222222,6.07,"G-3549"
Jun 2009,0.794472222222222,-0.980936388888889,7.569732,"G-1220"
Jun 2009,1.21447222222222,-0.553708333333333,9.56,"G-860"
Jun 2009,1.29645833333333,-0.502333333333333,8.75,"G-580A"
Jun 2009,1.31052777777778,-0.980936388888889,9.079788,"G-561"
Jun 2009,1.424125,-0.644527777777778,15.86,"F-319"
Jun 2009,1.49955208333333,-0.644527777777778,12.37,"F-179"
Jun 2009,1.63915277777778,NA,12.22,"G-852"
Jun 2009,2.01996105702364,-0.343736111111111,15.63,"F-45"
Jun 2009,2.93624200278164,-1.18643361111111,8.969928,"PB-1680"
Jun 2009,3.70030555555556,-0.891077222222222,7.209876,"G-2147"
Jun 2009,4.97544444444444,-1.18643361111111,8.759784,"G-1260"
Jun 2009,5.89434722222222,-0.891077222222222,7.159896,"G-2866"
Jul 2009,0.266231182795699,-0.854400537634409,3.83,"G-3549"
Jul 2009,0.658815789473684,-0.949303225806452,4.29996,"G-1220"
Jul 2009,0.951873655913979,-0.939318548387097,3.11,"F-179"
Jul 2009,0.995965053763441,-0.949303225806452,3.449892,"G-561"
Jul 2009,1.01357046979866,NA,5.76,"G-852"
Jul 2009,1.04610752688172,-0.939318548387097,6.24,"F-319"
Jul 2009,1.23865860215054,-0.738478494623656,3.65,"F-45"
Jul 2009,1.4862123655914,-0.766408602150538,5.84,"G-580A"
Jul 2009,1.55793010752688,-0.827083333333333,5.97,"G-860"
Jul 2009,2.88939583333333,-1.18663790322581,6.159912,"PB-1680"
Jul 2009,3.60774712643678,-0.890773790322581,4.619832,"G-2147"
Jul 2009,4.93248387096774,-1.18663790322581,4.629828,"G-1260"
Jul 2009,6.35281182795699,-0.890773790322581,4.899864,"G-2866"
Aug 2009,0.0654435483870968,-0.762391666666667,4.3899,"G-1220"
Aug 2009,0.459177419354839,-0.762391666666667,5.129988,"G-561"
Aug 2009,0.54522311827957,-0.569467741935484,6.05,"G-3549"
Aug 2009,0.580239247311828,NA,4.43,"G-852"
Aug 2009,0.608486559139785,-0.720090053763441,5.21,"F-179"
Aug 2009,0.715900403768506,-0.508666666666667,5.87,"F-45"
Aug 2009,0.828231182795699,-0.720090053763441,4.49,"F-319"
Aug 2009,1.02070161290323,-0.552806451612903,4.4,"G-580A"
Aug 2009,1.16974462365591,-0.540752688172043,4.03,"G-860"
Aug 2009,2.16597321428571,-1.18732916666667,4.48992,"PB-1680"
Aug 2009,3.12638271604938,-0.891418548387097,2.839956,"G-2147"
Aug 2009,3.86040053763441,-1.18732916666667,3.759912,"G-1260"
Aug 2009,5.48926344086022,-0.891418548387097,2.409936,"G-2866"
Sep 2009,0.645347222222222,-0.0199722222222222,10.3,"G-3549"
Sep 2009,0.708236111111111,-0.521844305555556,7.25994,"G-1220"
Sep 2009,0.875430555555555,NA,6.66,"G-852"
Sep 2009,1.04701388888889,0.1555,6.31,"F-45"
Sep 2009,1.23191666666667,0.0389861111111112,5.87,"G-860"
Sep 2009,1.23601388888889,0.110013888888889,6.36,"G-580A"
Sep 2009,1.25894444444444,-0.121526388888889,8.28,"F-319"
Sep 2009,1.28740277777778,-0.121526388888889,6.32,"F-179"
Sep 2009,1.31344444444444,-0.521844305555556,7.059876,"G-561"
Sep 2009,3.03345833333333,-1.18730805555556,7.219896,"PB-1680"
Sep 2009,4.02226388888889,-0.892312638888889,12.279912,"G-2147"
Sep 2009,5.08618055555556,-1.18730805555556,10.01982,"G-1260"
Sep 2009,6.56343055555556,-0.892312638888889,12.119856,"G-2866"
Oct 2009,0.417248322147651,NA,1.4,"G-852"
Oct 2009,0.489604838709677,-0.172021505376344,1.84,"G-3549"
Oct 2009,0.550032301480484,-0.0872150537634409,2.26,"F-45"
Oct 2009,0.647614942528736,-0.414975403225806,2.139972,"G-1220"
Oct 2009,0.723261424731183,-0.293490591397849,1.23,"F-179"
Oct 2009,0.739163978494624,-0.414975403225806,0.889944,"G-561"
Oct 2009,0.903177419354839,-0.293490591397849,2.42,"F-319"
Oct 2009,1.09966666666667,-0.173572580645161,1.16,"G-580A"
Oct 2009,1.21633064516129,-0.146424731182796,1.33,"G-860"
Oct 2009,2.15480913978495,-1.18680940860215,1.049952,"PB-1680"
Oct 2009,3.61225537634409,-0.891593548387097,1.81998,"G-2147"
Oct 2009,4.54960752688172,-1.18680940860215,1.279956,"G-1260"
Oct 2009,6.04203225806452,-0.891593548387097,1.089984,"G-2866"
Nov 2009,0.297342579750347,0.026875,5.09,"G-3549"
Nov 2009,0.481502304147465,0.114486111111111,1.82,"F-45"
Nov 2009,0.57953120665742,NA,2.905,"G-852"
Nov 2009,0.693685897435897,-0.550047083333333,3.759984,"G-1220"
Nov 2009,0.699045769764216,-0.550047083333333,3.25998,"G-561"
Nov 2009,0.711755894590846,-0.1322,1.63,"F-179"
Nov 2009,0.963191400832178,-0.1322,2.25,"F-319"
Nov 2009,1.14209722222222,-0.0149444444444445,2.83,"G-580A"
Nov 2009,1.23193374422188,0.0627361111111112,3.58,"G-860"
Nov 2009,1.89722884882108,-1.18652416666667,3.82992,"PB-1680"
Nov 2009,3.68449653259362,-0.89157,7.869972,"G-2147"
Nov 2009,3.9572427184466,-1.18652416666667,3.42996,"G-1260"
Nov 2009,5.23640499306519,-0.89157,4.899972,"G-2866"
Dec 2009,0.0214059139784946,-0.430650537634409,4.1,"G-3549"
Dec 2009,0.71151747311828,-0.541606182795699,3.92,"F-179"
Dec 2009,0.970564516129032,-0.839036155913979,7.469916,"G-1220"
Dec 2009,1.03466666666667,-0.282430107526882,3.95,"F-45"
Dec 2009,1.11118939393939,-0.541606182795699,4.14,"F-319"
Dec 2009,1.26596474358974,-0.426086021505376,3.27,"G-580A"
Dec 2009,1.27468817204301,NA,8.48,"G-852"
Dec 2009,1.30095430107527,-0.400604838709677,3.73,"G-860"
Dec 2009,1.31064247311828,-0.839036155913979,7.459932,"G-561"
Dec 2009,2.68482258064516,-1.18643225806452,8.689992,"PB-1680"
Dec 2009,3.97323655913978,-0.889513844086022,8.479944,"G-2147"
Dec 2009,4.82584408602151,-1.18643225806452,9.309924,"G-1260"
Dec 2009,5.99269086021505,-0.889513844086022,8.759928,"G-2866"
Jan 2010,0.294921370967742,-0.94176747311828,0.92,"F-179"
Jan 2010,0.33752688172043,-1.08762096774194,1.109892,"G-1220"
Jan 2010,0.378026917900404,-0.708841397849462,0.9,"F-45"
Jan 2010,0.489846774193548,-0.834373655913978,0.85,"G-3549"
Jan 2010,0.548290322580645,-1.08762096774194,1.3299,"G-561"
Jan 2010,0.568322147651007,NA,1.165,"G-852"
Jan 2010,0.732961805555556,-0.94176747311828,1.12,"F-319"
Jan 2010,0.940701612903226,-0.837430107526882,0.91,"G-580A"
Jan 2010,1.07409946236559,-0.789798387096774,0.92,"G-860"
Jan 2010,2.22562903225806,-1.18995349462366,1.599864,"PB-1680"
Jan 2010,3.70346505376344,-0.891925,0.9999,"G-2147"
Jan 2010,4.65202688172043,-1.18995349462366,1.319892,"G-1260"
Jan 2010,6.10847106325707,-0.891925,0.979896,"G-2866"
Feb 2010,0.201109725685786,-1.1428869047619,3.159912,"G-1220"
Feb 2010,0.252556547619048,-0.79678869047619,3.69,"G-3549"
Feb 2010,0.458976190476191,-0.827486607142857,4.03,"F-179"
Feb 2010,0.632613095238095,-0.569842261904762,5.14,"F-45"
Feb 2010,0.706360119047619,NA,4.095,"G-852"
Feb 2010,0.803175595238095,-1.1428869047619,4.33992,"G-561"
Feb 2010,0.839556547619048,-0.827486607142857,5.02,"F-319"
Feb 2010,1.27475149700599,-0.730645833333333,4.62,"G-580A"
Feb 2010,1.43183035714286,-0.727529761904762,3.28,"G-860"
Feb 2010,2.11539285714286,-1.18597217261905,4.129908,"PB-1680"
Feb 2010,3.25424702380952,-0.892014136904762,3.379872,"G-2147"
Feb 2010,4.12697023809524,-1.18597217261905,2.739876,"G-1260"
Feb 2010,5.4445625,-0.892014136904762,2.809884,"G-2866"
Mar 2010,0.0264492753623189,-1.04732934051144,3.549876,"G-1220"
Mar 2010,0.163703903095558,-1.0504623655914,1.69,"G-3549"
Mar 2010,0.311178331090175,-1.02951478494624,3.73,"F-179"
Mar 2010,0.371660834454912,-0.792846774193548,3.42,"F-45"
Mar 2010,0.38757200538358,-1.04732934051144,3.599904,"G-561"
Mar 2010,0.659145242070117,NA,5.375,"G-852"
Mar 2010,0.747393001345895,-1.02951478494624,2.86,"F-319"
Mar 2010,0.977260752688172,-0.962309139784946,3.21,"G-580A"
Mar 2010,1.1035868102288,-0.947137096774193,2.76,"G-860"
Mar 2010,2.21527052489906,-1.19274602960969,4.559916,"PB-1680"
Mar 2010,3.03493405114401,-0.895473755047106,5.229864,"G-2147"
Mar 2010,3.97372274562584,-1.19274602960969,5.389884,"G-1260"
Mar 2010,4.92502557200538,-0.895473755047106,5.149956,"G-2866"
Apr 2010,0.210902777777778,-0.804916666666667,4.88,"G-3549"
Apr 2010,0.679708333333333,-0.976675,6.49,"F-179"
Apr 2010,0.750041666666667,-0.939546388888889,9.329916,"G-1220"
Apr 2010,0.869404728789986,-0.735,7.22,"F-45"
Apr 2010,0.938013888888889,-0.939546388888889,9.28992,"G-561"
Apr 2010,0.984736111111111,-0.976675,5.58,"F-319"
Apr 2010,1.03688210818308,NA,6.69,"G-852"
Apr 2010,1.22468055555556,-0.802486111111111,5.88,"G-580A"
Apr 2010,1.29255555555556,-0.74925,4.68,"G-860"
Apr 2010,2.12990277777778,-1.18846736111111,4.649928,"PB-1680"
Apr 2010,4.03505555555556,-0.8936975,9.049944,"G-2147"
Apr 2010,4.94768055555556,-1.18846736111111,7.949952,"G-1260"
Apr 2010,6.31193602225313,-0.8936975,8.159928,"G-2866"
May 2010,0.36308153078203,NA,2.645,"G-852"
May 2010,0.456860215053763,-0.912836021505376,1.73,"F-179"
May 2010,0.468346774193548,-0.932979704301075,4.41996,"G-1220"
May 2010,0.544967741935484,-0.777034946236559,1.39,"G-3549"
May 2010,0.561301075268817,-0.932979704301075,2.919948,"G-561"
May 2010,0.570768817204301,-0.728586021505376,4.16,"F-45"
May 2010,0.859969298245614,-0.912836021505376,2.81,"F-319"
May 2010,1.18328225806452,-0.796932795698925,3.85,"G-580A"
May 2010,1.30275537634409,-0.730927419354839,3.28,"G-860"
May 2010,1.92659677419355,-1.18839408602151,1.019952,"PB-1680"
May 2010,3.7687876344086,-0.89405497311828,1.039944,"G-2147"
May 2010,4.63218817204301,-1.18839408602151,1.59996,"G-1260"
May 2010,6.33325537634409,-0.89405497311828,1.019976,"G-2866"
Jun 2010,-0.284166666666667,-0.981704166666667,3.419904,"G-1220"
Jun 2010,0.306942528735632,NA,5.715,"G-852"
Jun 2010,0.406638888888889,-0.981704166666667,4.519944,"G-561"
Jun 2010,0.539225694444444,-0.817109722222222,3.65,"F-179"
Jun 2010,0.560138888888889,-0.701263888888889,7.46,"G-3549"
Jun 2010,0.682138888888889,-0.645958333333333,6.59,"F-45"
Jun 2010,0.943013888888889,-1.18714361111111,1.659924,"PB-1680"
Jun 2010,1.00016666666667,-0.817109722222222,5.2,"F-319"
Jun 2010,1.06045833333333,-0.654319444444444,4.33,"G-860"
Jun 2010,1.21902272727273,-0.664430555555556,8.76,"G-580A"
Jun 2010,3.16270833333333,-0.89217625,3.559848,"G-2147"
Jun 2010,3.60372222222222,-1.18714361111111,3.85998,"G-1260"
Jun 2010,5.04572222222222,-0.89217625,4.58994,"G-2866"
Jul 2010,0.48127688172043,-0.952079166666667,8.46984,"G-1220"
Jul 2010,0.53897311827957,-0.671698924731183,3.48,"G-3549"
Jul 2010,0.636073924731183,-0.814004032258065,5.1,"F-179"
Jul 2010,0.959881720430107,-0.680185483870968,5.01,"G-580A"
Jul 2010,0.994911290322581,-0.814004032258065,6.44,"F-319"
Jul 2010,1.00333064516129,-1.18682311827957,6.2799,"PB-1680"
Jul 2010,1.03389516129032,-0.952079166666667,6.979896,"G-561"
Jul 2010,1.07758064516129,-0.621760752688172,4.46,"G-860"
Jul 2010,1.12825537634409,-0.577860215053764,9.27,"F-45"
Jul 2010,1.38083720930233,NA,11.02,"G-852"
Jul 2010,3.61290053763441,-0.89241626344086,6.989832,"G-2147"
Jul 2010,4.06931182795699,-1.18682311827957,6.469848,"G-1260"
Jul 2010,5.67426488095238,-0.89241626344086,7.979916,"G-2866"
Aug 2010,0.349153225806452,-0.765577016129032,7.699872,"G-1220"
Aug 2010,0.561903225806452,-0.682854838709677,7.87,"G-3549"
Aug 2010,0.726731182795699,-1.18678373655914,7.449924,"PB-1680"
Aug 2010,0.748993951612903,-0.78515188172043,7.55,"F-179"
Aug 2010,0.811758064516129,-0.765577016129032,7.819848,"G-561"
Aug 2010,0.848411290322581,NA,6.92,"G-852"
Aug 2010,0.871091397849462,-0.563854838709677,6.49,"F-45"
Aug 2010,1.01215591397849,-0.78515188172043,9.29,"F-319"
Aug 2010,1.43457258064516,-0.680104838709677,8.95,"G-580A"
Aug 2010,1.53255376344086,-0.607231182795699,7.62,"G-860"
Aug 2010,3.20808024691358,-0.892469623655914,4.649892,"G-2147"
Aug 2010,4.20702688172043,-1.18678373655914,6.109944,"G-1260"
Aug 2010,5.67324193548387,-0.892469623655914,6.289896,"G-2866"
Sep 2010,0.510527777777778,-0.157236111111111,13.19,"G-3549"
Sep 2010,0.917555555555556,-0.523934444444444,8.999796,"G-1220"
Sep 2010,1.17408333333333,NA,11.56,"G-852"
Sep 2010,1.31104166666667,-0.142180555555555,15.3,"G-860"
Sep 2010,1.39368055555556,-0.0411666666666667,14.8,"F-45"
Sep 2010,1.39765625,-0.333476388888889,11.94,"F-179"
Sep 2010,1.50961111111111,-0.0886111111111112,13.99,"G-580A"
Sep 2010,1.53269444444444,-0.333476388888889,11.86,"F-319"
Sep 2010,1.54459057971014,-1.18738875,7.509912,"PB-1680"
Sep 2010,1.68833333333333,-0.523934444444444,12.979836,"G-561"
Sep 2010,3.50066666666667,-0.892754583333333,8.429868,"G-2147"
Sep 2010,4.79240277777778,-1.18738875,9.899868,"G-1260"
Sep 2010,6.04880555555556,-0.892754583333333,9.129828,"G-2866"
Oct 2010,0.198018817204301,-0.278056451612903,3.36,"G-3549"
Oct 2010,0.672674731182796,-0.417383064516129,2.78994,"G-1220"
Oct 2010,0.919287037037037,-0.454538978494624,1.93,"F-319"
Oct 2010,1.16276510067114,NA,3.06,"G-852"
Oct 2010,1.20774202496533,-0.417383064516129,1.379904,"G-561"
Oct 2010,1.21281805359661,-1.18669959677419,0.339984,"PB-1680"
Oct 2010,1.21765322580645,-0.454538978494624,3.39,"F-179"
Oct 2010,1.33557738896366,-0.213599462365591,1.32,"F-45"
Oct 2010,1.39565860215054,-0.255645161290322,1.78,"G-860"
Oct 2010,1.46900806451613,-0.287873655913979,3,"G-580A"
Oct 2010,3.45151612903226,-0.893265322580645,1.06998,"G-2147"
Oct 2010,4.64929838709677,-1.18669959677419,0.549984,"G-1260"
Oct 2010,6.0077311827957,-0.893265322580645,0.629976,"G-2866"
Nov 2010,-0.0250846047156727,-0.458416666666667,2.89,"G-3549"
Nov 2010,0.0690083217753121,-0.548122083333333,1.559904,"G-1220"
Nov 2010,0.448699029126213,-0.548122083333333,2.199888,"G-561"
Nov 2010,0.527833564493759,-0.324472222222222,1.87,"F-45"
Nov 2010,0.528893203883495,-1.18901625,2.379972,"PB-1680"
Nov 2010,0.606729542302358,NA,2.265,"G-852"
Nov 2010,0.714463938973648,-0.562175,1.7,"F-179"
Nov 2010,0.989030513176144,-0.562175,1.84,"F-319"
Nov 2010,1.15227777777778,-0.454902777777778,1.09,"G-580A"
Nov 2010,1.26312760055479,-0.387166666666667,2.08,"G-860"
Nov 2010,2.74592510402219,-0.8926825,1.639956,"G-2147"
Nov 2010,3.66899515347334,-1.18901625,1.799904,"G-1260"
Nov 2010,4.88892926490985,-0.8926825,1.379928,"G-2866"
Dec 2010,-0.176130952380952,-0.838071774193548,0.9,"G-1220"
Dec 2010,-0.0974247311827957,-0.879736559139785,0.53,"G-3549"
Dec 2010,0.118854838709677,-0.838071774193548,1.069992,"G-561"
Dec 2010,0.19143203230148,-0.701233870967742,1.04,"F-45"
Dec 2010,0.219074596774194,-0.905056451612903,1.8,"F-179"
Dec 2010,0.304083333333333,NA,1.065,"G-852"
Dec 2010,0.464970430107527,-1.18532110215054,2.589972,"PB-1680"
Dec 2010,0.749158602150538,-0.905056451612903,1.22,"F-319"
Dec 2010,0.791198924731183,-0.841233870967742,1.16,"G-580A"
Dec 2010,0.844341397849462,-0.789986559139785,0.79,"G-860"
Dec 2010,2.37827688172043,-0.889926478494624,0.879972,"G-2147"
Dec 2010,3.19419086021505,-1.18532110215054,2.249964,"G-1260"
Dec 2010,4.14177688172043,-0.889926478494624,0.949968,"G-2866"
Jan 2011,-0.538608954451346,-1.08455927419355,1.62996,"G-1220"
Jan 2011,-0.152260752688172,-1.08455927419355,1.839972,"G-561"
Jan 2011,0.0630665322580646,-1.26562365591398,2.06,"F-179"
Jan 2011,0.0752768817204301,-1.20393010752688,4.08,"G-3549"
Jan 2011,0.248766129032258,-1.11130107526882,2.54,"F-45"
Jan 2011,0.259540322580645,-1.18639798387097,2.329992,"PB-1680"
Jan 2011,0.389275167785235,NA,2.33,"G-852"
Jan 2011,0.645354838709678,-1.26562365591398,2.49,"F-319"
Jan 2011,0.730459677419355,-1.16964784946237,2.22,"G-580A"
Jan 2011,0.82875,-1.12533602150538,2.18,"G-860"
Jan 2011,1.95234946236559,-0.889299193548387,1.23996,"G-2147"
Jan 2011,2.82390860215054,-1.18639798387097,2.019972,"G-1260"
Jan 2011,3.74009677419355,-0.889299193548387,1.379964,"G-2866"
Feb 2011,-0.901086956521739,-1.14487008928571,0.149988,"G-1220"
Feb 2011,-0.413758928571429,-1.14487008928571,0.059976,"G-561"
Feb 2011,-0.0761763392857142,-1.29673363095238,0.27,"F-179"
Feb 2011,-0.00755357142857148,-1.18898422619048,0.70998,"PB-1680"
Feb 2011,-0.00119345238095237,-1.21793452380952,0.15,"G-3549"
Feb 2011,0.0897585692995529,-1.17936607142857,0.11,"F-45"
Feb 2011,0.268949404761905,NA,0.065,"G-852"
Feb 2011,0.524824404761905,-1.29673363095238,0.18,"F-319"
Feb 2011,0.666080357142857,-1.1919255952381,0.15,"G-580A"
Feb 2011,0.780267857142857,-1.13769345238095,0.07,"G-860"
Feb 2011,1.58939583333333,-0.894523809523809,0.10998,"G-2147"
Feb 2011,2.51466369047619,-1.18898422619048,0.57,"G-1260"
Feb 2011,3.40335714285714,-0.894523809523809,0.15996,"G-2866"
Mar 2011,-0.816493943472409,-1.04326890982503,2.739948,"G-1220"
Mar 2011,-0.471230148048452,-1.18684724091521,3.229968,"PB-1680"
Mar 2011,-0.369978465679677,-1.04326890982503,2.849952,"G-561"
Mar 2011,-0.0209616419919245,-1.1297002688172,1.74,"F-179"
Mar 2011,0.0815175202156334,-0.98816935483871,1.62,"F-45"
Mar 2011,0.16478600269179,NA,1.58,"G-852"
Mar 2011,0.18607267833109,-0.987532258064516,0.98,"G-3549"
Mar 2011,0.349371467025572,-1.1297002688172,1.16,"F-319"
Mar 2011,0.37294623655914,-0.996381720430108,1.13,"G-580A"
Mar 2011,0.433156123822342,-0.910819892473118,1.16,"G-860"
Mar 2011,1.64757200538358,-0.88970134589502,3.3399,"G-2147"
Mar 2011,2.47259219380888,-1.18684724091521,4.659972,"G-1260"
Mar 2011,3.41120323014805,-0.88970134589502,4.35996,"G-2866"
Apr 2011,-0.66825,-0.938513194444444,2.32998,"G-1220"
Apr 2011,-0.455375,-1.18783430555556,1.509972,"PB-1680"
Apr 2011,-0.188597222222222,-0.938513194444444,3.799944,"G-561"
Apr 2011,0.0222361111111111,-0.929027777777778,1.24,"G-3549"
Apr 2011,0.0257777777777778,-0.932597222222222,1.64,"F-45"
Apr 2011,0.0397673611111112,-1.08267083333333,2.52,"F-179"
Apr 2011,0.0479500693481276,NA,3.31,"G-852"
Apr 2011,0.205333333333333,-0.964083333333333,3.13,"G-580A"
Apr 2011,0.252708333333333,-0.883125,2.45,"G-860"
Apr 2011,0.303361111111111,-1.08267083333333,3.71,"F-319"
Apr 2011,1.75761111111111,-0.892326111111111,2.459988,"G-2147"
Apr 2011,2.42294444444444,-1.18783430555556,2.229972,"G-1260"
Apr 2011,3.42052777777778,-0.892326111111111,2.409984,"G-2866"
May 2011,-1.20785215053763,-1.18824583333333,1.079952,"PB-1680"
May 2011,-0.598508064516129,-0.930195161290323,1.13994,"G-1220"
May 2011,-0.399279569892473,-0.705072580645161,1.27,"G-3549"
May 2011,-0.155567204301075,-0.930195161290323,1.359972,"G-561"
May 2011,0.0986263440860215,NA,2.245,"G-852"
May 2011,0.127048387096774,-0.943735215053763,1.1,"F-319"
May 2011,0.134352624495289,-0.792456989247312,1.71,"F-45"
May 2011,0.199797043010753,-0.943735215053763,1.5,"F-179"
May 2011,0.24541935483871,-0.840266129032258,2.4,"G-580A"
May 2011,0.30755376344086,-0.757741935483871,3.69,"G-860"
May 2011,1.64975537634409,-0.892264247311828,1.119924,"G-2147"
May 2011,2.19189247311828,-1.18824583333333,1.339968,"G-1260"
May 2011,3.16795967741936,-0.892264247311828,1.869948,"G-2866"
Jun 2011,-1.05751388888889,-1.18785458333333,3.88998,"PB-1680"
Jun 2011,-0.637444444444444,-0.981424166666667,3.579864,"G-1220"
Jun 2011,-0.484208333333333,-0.548986111111111,2.89,"G-3549"
Jun 2011,-0.34735,NA,2.99,"G-852"
Jun 2011,-0.312583333333333,-0.579638888888889,1.42,"G-860"
Jun 2011,-0.262489236790607,-0.686,1.86,"G-580A"
Jun 2011,-0.176638888888889,-0.636013888888889,1.48,"F-45"
Jun 2011,-0.175291666666667,-0.981424166666667,3.589932,"G-561"
Jun 2011,-0.141138888888889,-0.794186111111111,3.08,"F-319"
Jun 2011,0.184461805555556,-0.794186111111111,2.03,"F-179"
Jun 2011,1.31558333333333,-1.18785458333333,3.189864,"G-1260"
Jun 2011,1.35006944444444,-0.892465833333333,2.7099,"G-2147"
Jun 2011,2.61098611111111,-0.892465833333333,2.239884,"G-2866"
Jul 2011,0.123884408602151,-0.952286693548387,3.869904,"G-1220"
Jul 2011,0.503368279569892,-0.594991935483871,6.76,"G-3549"
Jul 2011,0.629992424242424,-1.18869583333333,2.60994,"PB-1680"
Jul 2011,0.642698924731183,-0.952286693548387,5.169924,"G-561"
Jul 2011,0.650481781376518,NA,5.02,"G-852"
Jul 2011,0.679440860215054,-0.81816935483871,4.82,"F-179"
Jul 2011,0.698795698924731,-0.81816935483871,6.75,"F-319"
Jul 2011,0.776586810228802,-0.60069623655914,8.18,"F-45"
Jul 2011,0.787596774193548,-0.707188172043011,6.88,"G-580A"
Jul 2011,0.788467741935484,-0.605336021505376,7.16,"G-860"
Jul 2011,1.88220161290323,-1.18869583333333,3.749976,"G-1260"
Jul 2011,2.05544086021505,-0.892501612903226,4.679916,"G-2147"
Jul 2011,3.18945161290323,-0.892501612903226,5.949972,"G-2866"
Aug 2011,0.435188172043011,-0.767880376344086,8.879892,"G-1220"
Aug 2011,0.55139247311828,-0.47230376344086,10.25,"G-3549"
Aug 2011,0.575481182795699,NA,7,"G-852"
Aug 2011,0.878478494623656,-0.767880376344086,8.639832,"G-561"
Aug 2011,0.934545698924731,-0.267940860215054,8.34,"F-45"
Aug 2011,0.993439393939394,-1.18890927419355,6.699828,"PB-1680"
Aug 2011,0.996443548387097,-0.532424731182796,8.58,"F-179"
Aug 2011,1.12706182795699,-0.532424731182796,10.18,"F-319"
Aug 2011,1.35611827956989,-0.440387096774194,9.2,"G-580A"
Aug 2011,1.43145161290323,-0.408575268817204,13.89,"G-860"
Aug 2011,2.34038709677419,-0.893241801075269,6.879864,"G-2147"
Aug 2011,2.48427150537634,-1.18890927419355,7.669872,"G-1260"
Aug 2011,3.46946505376344,-0.893241801075269,6.889944,"G-2866"
Sep 2011,0.626916666666667,-0.390694444444444,10.47,"G-3549"
Sep 2011,0.950119047619048,-0.525797777777778,5.729916,"G-1220"
Sep 2011,0.998801112656467,NA,6.82,"G-852"
Sep 2011,1.04159722222222,-0.467218055555556,3.26,"F-179"
Sep 2011,1.25957162726008,-0.212472222222222,5.8,"F-45"
Sep 2011,1.26977777777778,-0.467218055555556,3.72,"F-319"
Sep 2011,1.31580555555556,-0.525797777777778,5.859924,"G-561"
Sep 2011,1.35688636363636,-1.18779694444444,6.58992,"PB-1680"
Sep 2011,1.63055555555556,-0.327236111111111,6.67,"G-860"
Sep 2011,1.74802777777778,-0.370944444444444,4.22,"G-580A"
Sep 2011,3.66780555555556,-0.893089444444444,9.179844,"G-2147"
Sep 2011,4.39711111111111,-1.18779694444444,7.599876,"G-1260"
Sep 2011,5.423125,-0.893089444444444,8.619828,"G-2866"
Oct 2011,0.583139784946237,-0.14735752688172,11.69,"G-3549"
Oct 2011,1.14154569892473,-0.134731182795699,20.69,"G-860"
Oct 2011,1.23875,-0.418838440860215,22.379772,"G-1220"
Oct 2011,1.47531543624161,NA,13.02,"G-852"
Oct 2011,1.50316061827957,-0.330505376344086,24.76,"F-179"
Oct 2011,1.53593279569892,-0.330505376344086,17.65,"F-319"
Oct 2011,1.62166083445491,-0.00205376344086026,16.24,"F-45"
Oct 2011,1.63175504710633,-0.0581827956989248,18.81,"G-580A"
Oct 2011,1.72033333333333,-1.18824650537634,11.869776,"PB-1680"
Oct 2011,1.90333064516129,-0.418838440860215,23.4597,"G-561"
Oct 2011,3.82755,-0.894905913978495,13.439892,"G-2147"
Oct 2011,4.64037365591398,-1.18824650537634,12.949752,"G-1260"
Oct 2011,5.94959946236559,-0.894905913978495,13.419804,"G-2866"
Nov 2011,0.139076282940361,-0.126597222222222,0.64,"G-3549"
Nov 2011,0.610625,-0.545395277777778,1.899936,"G-1220"
Nov 2011,1.16658333333333,NA,1.255,"G-852"
Nov 2011,1.33922468793343,-0.326995833333333,2.43,"F-319"
Nov 2011,1.46032385575589,-0.326995833333333,1.93,"F-179"
Nov 2011,1.61333564493759,-0.137611111111111,1.82,"G-860"
Nov 2011,1.68290644490644,-0.0894583333333334,2.19,"F-45"
Nov 2011,1.75699306518724,-1.18664763888889,2.659956,"PB-1680"
Nov 2011,1.86391666666667,-0.162305555555556,2.68,"G-580A"
Nov 2011,1.9022773925104,-0.545395277777778,1.199952,"G-561"
Nov 2011,4.47711789181692,-0.891014722222222,0.539952,"G-2147"
Nov 2011,5.74019694868239,-1.18664763888889,1.169964,"G-1260"
Nov 2011,7.55042718446602,-0.891014722222222,0.889968,"G-2866"
Dec 2011,-0.115704301075269,-0.551228494623656,0.31,"G-3549"
Dec 2011,-0.0174999999999999,-0.839411155913979,1.979928,"G-1220"
Dec 2011,0.416371467025572,-0.537483870967742,0.72,"F-45"
Dec 2011,0.423043010752688,-0.731034946236559,0.69,"F-179"
Dec 2011,0.43208064516129,NA,1.115,"G-852"
Dec 2011,0.457483870967742,-1.18824690860215,0.689952,"PB-1680"
Dec 2011,0.540064516129032,-0.839411155913979,2.24994,"G-561"
Dec 2011,0.887908602150538,-0.731034946236559,0.63,"F-319"
Dec 2011,1.09465322580645,-0.588612903225807,0.79,"G-580A"
Dec 2011,1.15461021505376,-0.533763440860215,0.53,"G-860"
Dec 2011,3.58885483870968,-0.893736290322581,1.01994,"G-2147"
Dec 2011,4.61068279569892,-1.18824690860215,1.159908,"G-1260"
Dec 2011,6.14230107526882,-0.893736290322581,1.159956,"G-2866"
Jan 2012,-0.530631720430108,-1.0870877688172,0.169992,"G-1220"
Jan 2012,-0.375254374158816,-1.18742594086022,0.159972,"PB-1680"
Jan 2012,-0.155583333333333,-1.02433333333333,0.23,"G-3549"
Jan 2012,-0.144827956989247,-1.0870877688172,0.219996,"G-561"
Jan 2012,-0.0300853494623655,-1.13300134408602,0.02,"F-179"
Jan 2012,0.0336258411843876,-0.979809139784946,0.52,"F-45"
Jan 2012,0.158637931034483,NA,0.36,"G-852"
Jan 2012,0.609951612903226,-1.13300134408602,0.01,"F-319"
Jan 2012,0.726141025641026,-1.02998387096774,0.01,"G-580A"
Jan 2012,0.797795698924731,-0.974112903225806,0.09,"G-860"
Jan 2012,2.73604569892473,-0.892753360215054,0.039984,"G-2147"
Jan 2012,3.61011827956989,-1.18742594086022,0.009996,"G-1260"
Jan 2012,5.04082258064516,-0.892753360215054,0.059988,"G-2866"
Feb 2012,-0.234583333333333,-1.14159123563218,2.669952,"G-1220"
Feb 2012,-0.121836206896552,-1.1883025862069,2.569932,"PB-1680"
Feb 2012,0.115163793103448,-0.662594827586207,5.57,"G-3549"
Feb 2012,0.284887931034483,-1.14159123563218,2.709924,"G-561"
Feb 2012,0.521261494252873,-0.581353448275862,3.83,"F-45"
Feb 2012,0.682652298850575,-0.75330316091954,5.96,"F-179"
Feb 2012,0.790028933092224,NA,4.71,"G-852"
Feb 2012,0.900468390804598,-0.75330316091954,4.63,"F-319"
Feb 2012,1.26785632183908,-0.654112068965517,3.87,"G-580A"
Feb 2012,1.30617816091954,-0.635574712643678,3.83,"G-860"
Feb 2012,2.66745977011494,-0.892222557471264,2.729964,"G-2147"
Feb 2012,3.53221551724138,-1.1883025862069,2.489928,"G-1260"
Feb 2012,4.45791379310345,-0.892222557471264,2.559924,"G-2866"
Mar 2012,-0.410543741588156,-1.18582920592194,2.549976,"PB-1680"
Mar 2012,-0.343183041722746,-1.04368102288022,2.449956,"G-1220"
Mar 2012,0.0136096904441454,-0.705247311827957,1.78,"G-3549"
Mar 2012,0.129819650067295,-1.04368102288022,2.52996,"G-561"
Mar 2012,0.220102425876011,-0.705306451612903,2.53,"F-45"
Mar 2012,0.244950201884253,-0.870181451612903,1.88,"F-179"
Mar 2012,0.393792452830189,NA,2.755,"G-852"
Mar 2012,0.622722745625841,-0.870181451612903,0.71,"F-319"
Mar 2012,0.858510752688172,-0.743384408602151,0.33,"G-580A"
Mar 2012,0.960154777927322,-0.673911290322581,0.35,"G-860"
Mar 2012,2.17662987886945,-0.892189636608344,1.53996,"G-2147"
Mar 2012,3.23509555854643,-1.18582920592194,2.319948,"G-1260"
Mar 2012,4.00342395693136,-0.892189636608344,1.709976,"G-2866"
Apr 2012,-0.531138888888889,-1.18689805555556,7.289772,"PB-1680"
Apr 2012,0.0631805555555556,-0.9367125,8.609892,"G-1220"
Apr 2012,0.206652777777778,-0.655055555555556,8.09,"G-3549"
Apr 2012,0.421754253308128,NA,6.57,"G-852"
Apr 2012,0.489875,-0.9367125,7.65996,"G-561"
Apr 2012,0.490583333333333,-0.751155555555556,6.06,"F-179"
Apr 2012,0.519875,-0.600486111111111,6.53,"F-45"
Apr 2012,0.745111111111111,-0.751155555555556,6.92,"F-319"
Apr 2012,0.763930555555556,-0.586138888888889,10.18,"G-860"
Apr 2012,0.795055555555556,-0.626666666666667,7.3,"G-580A"
Apr 2012,2.21846408839779,-0.891953055555556,7.689804,"G-2147"
Apr 2012,3.39027777777778,-1.18689805555556,7.659876,"G-1260"
Apr 2012,3.82393055555556,-0.891953055555556,7.33986,"G-2866"
May 2012,0.510801075268817,-0.544225806451613,8.25,"G-3549"
May 2012,0.866974462365591,-0.617096774193548,2.75,"F-179"
May 2012,0.945959677419355,-0.617096774193548,4.33,"F-319"
May 2012,1.04122311827957,-0.929488575268817,7.469808,"G-1220"
May 2012,1.09230448717949,-1.18523870967742,6.509844,"PB-1680"
May 2012,1.15588978494624,-0.367779569892473,4.56,"F-45"
May 2012,1.34418010752688,-0.514274193548387,9.22,"G-860"
May 2012,1.36829227557411,-0.412349462365591,4.31,"G-580A"
May 2012,1.47536021505376,-0.929488575268817,7.569864,"G-561"
May 2012,1.63782230623819,NA,7.56,"G-852"
May 2012,3.70014516129032,-0.889837231182796,6.129876,"G-2147"
May 2012,5.5367311827957,-1.18523870967742,8.549832,"G-1260"
May 2012,6.22713978494624,-0.889837231182796,9.159852,"G-2866"
Jun 2012,0.234625,-0.450361111111111,6.53,"G-3549"
Jun 2012,0.997444444444444,-0.981204444444444,6.919908,"G-1220"
Jun 2012,1.03340083217753,NA,6.85,"G-852"
Jun 2012,1.14555555555556,-0.453206944444444,8.16,"F-319"
Jun 2012,1.15573263888889,-0.453206944444444,7.75,"F-179"
Jun 2012,1.23598192663818,-1.18716375,6.479964,"PB-1680"
Jun 2012,1.27117107093185,-0.232416666666667,7.36,"F-45"
Jun 2012,1.28505555555556,-0.360319444444444,9.5,"G-860"
Jun 2012,1.36765277777778,-0.981204444444444,7.209924,"G-561"
Jun 2012,1.55058589511754,-0.258791666666667,7.58,"G-580A"
Jun 2012,3.94897222222222,-0.891270138888889,7.629864,"G-2147"
Jun 2012,5.55143055555556,-1.18716375,5.989884,"G-1260"
Jun 2012,7.178375,-0.891270138888889,6.229836,"G-2866"
Jul 2012,0.390491935483871,-0.64464247311828,10.52,"G-3549"
Jul 2012,1.06993279569892,-0.947702284946237,6.709932,"G-1220"
Jul 2012,1.07428494623656,NA,5.895,"G-852"
Jul 2012,1.12879569892473,-0.691990591397849,7.38,"F-319"
Jul 2012,1.21597043010753,-0.530400537634409,4.02,"G-580A"
Jul 2012,1.27544444444444,-0.565817204301075,7.17,"F-45"
Jul 2012,1.29918010752688,-0.609852150537634,8.79,"G-860"
Jul 2012,1.34042204301075,-0.691990591397849,8.19,"F-179"
Jul 2012,1.37965936609687,-1.18789408602151,4.06986,"PB-1680"
Jul 2012,1.4574435483871,-0.947702284946237,7.45992,"G-561"
Jul 2012,4.25455376344086,-0.890786290322581,4.269912,"G-2147"
Jul 2012,5.26757795698925,-1.18789408602151,3.329928,"G-1260"
Jul 2012,7.07377956989247,-0.890786290322581,3.439884,"G-2866"
Aug 2012,0.500397849462366,-0.529010752688172,9.39,"G-3549"
Aug 2012,0.688872483221476,NA,7.235,"G-852"
Aug 2012,0.71010752688172,-0.760668951612903,8.679852,"G-1220"
Aug 2012,0.876127688172043,-0.616915322580645,7.43,"F-179"
Aug 2012,0.881257065948856,-0.443451612903226,6.87,"F-45"
Aug 2012,1.18683870967742,-0.760668951612903,10.089828,"G-561"
Aug 2012,1.25845967741935,-0.616915322580645,12.3,"F-319"
Aug 2012,1.38549731182796,-0.494354838709677,10.19,"G-860"
Aug 2012,1.49821505376344,-0.385897849462366,10.7,"G-580A"
Aug 2012,1.52333680555556,-1.18856827956989,11.00988,"PB-1680"
Aug 2012,3.85979569892473,-0.892507392473118,7.49976,"G-2147"
Aug 2012,4.83161021505376,-1.18856827956989,8.969844,"G-1260"
Aug 2012,6.47153494623656,-0.892507392473118,7.639788,"G-2866"
Sep 2012,0.571458333333333,-0.536013888888889,6.56,"G-3549"
Sep 2012,1.12438541666667,-0.595040277777778,4.8,"F-179"
Sep 2012,1.13846324549237,NA,5.21,"G-852"
Sep 2012,1.15236111111111,-0.595040277777778,6.87,"F-319"
Sep 2012,1.17665090403338,-0.406541666666667,4.11,"F-45"
Sep 2012,1.37177777777778,-0.500013888888889,6.1,"G-860"
Sep 2012,1.40570833333333,-0.520215555555556,6.789888,"G-1220"
Sep 2012,1.53366666666667,-0.294152777777778,6.72,"G-580A"
Sep 2012,1.60120833333333,-0.520215555555556,6.179916,"G-561"
Sep 2012,1.85461111111111,-1.18754819444444,3.809844,"PB-1680"
Sep 2012,4.40977316735823,-0.892655555555556,5.369844,"G-2147"
Sep 2012,5.37455555555556,-1.18754819444444,3.749856,"G-1260"
Sep 2012,7.14876388888889,-0.892655555555556,3.63984,"G-2866"
Oct 2012,0.326849462365591,-0.134991935483871,4.57,"G-3549"
Oct 2012,1.01819086021505,-0.261353494623656,6.53,"F-319"
Oct 2012,1.02650537634409,-0.416592876344086,3.97992,"G-1220"
Oct 2012,1.04815053763441,-0.261353494623656,6.6,"F-179"
Oct 2012,1.08270430107527,-0.119997311827957,5.69,"F-45"
Oct 2012,1.102886981402,NA,8.165,"G-852"
Oct 2012,1.14291935483871,-0.0171747311827957,4.78,"G-580A"
Oct 2012,1.14891129032258,-0.10497311827957,4.92,"G-860"
Oct 2012,1.45658333333333,-0.416592876344086,6.099864,"G-561"
Oct 2012,1.49085752688172,-1.18830376344086,4.019892,"PB-1680"
Oct 2012,4.44480913978495,-0.893079569892473,6.0498,"G-2147"
Oct 2012,5.3020940860215,-1.18830376344086,4.029888,"G-1260"
Oct 2012,7.31740860215054,-0.893079569892473,6.179784,"G-2866"
Nov 2012,0.241101248266297,0.0379305555555555,0.8,"G-3549"
Nov 2012,0.498300970873786,-0.553192638888889,0.519984,"G-1220"
Nov 2012,0.583539528432732,NA,0.655,"G-852"
Nov 2012,0.673777777777778,0.0682777777777777,0.24,"F-45"
Nov 2012,0.862695561719834,-0.0366583333333333,0.35,"F-179"
Nov 2012,0.872291262135922,-1.18778791666667,0.67998,"PB-1680"
Nov 2012,0.884829403606103,-0.553192638888889,0.359976,"G-561"
Nov 2012,0.938780859916782,-0.0366583333333333,0.42,"F-319"
Nov 2012,1.02754166666667,0.104833333333333,0.3,"G-580A"
Nov 2012,1.0896185852982,0.094388888888889,0.7,"G-860"
Nov 2012,3.81176421636616,-0.892692777777778,1.059996,"G-2147"
Nov 2012,4.55362274618585,-1.18778791666667,1.489956,"G-1260"
Nov 2012,6.02016366158114,-0.892692777777778,0.759948,"G-2866"
Dec 2012,0.0280725806451613,-0.519279569892473,0.36,"G-3549"
Dec 2012,0.0935752688172043,-0.845582661290323,1.249956,"G-1220"
Dec 2012,0.277443548387097,-1.18924086021505,1.079952,"PB-1680"
Dec 2012,0.318295698924731,-0.484190860215054,0.36,"F-45"
Dec 2012,0.414692876344086,-0.588556451612903,0.11,"F-179"
Dec 2012,0.47091846921797,NA,0.47,"G-852"
Dec 2012,0.47425,-0.845582661290323,1.02996,"G-561"
Dec 2012,0.643567204301075,-0.588556451612903,0.25,"F-319"
Dec 2012,0.676784722222222,-0.46327688172043,0.16,"G-580A"
Dec 2012,0.887137096774194,-0.476868279569892,0.48,"G-860"
Dec 2012,3.11397580645161,-0.892967741935484,0.629976,"G-2147"
Dec 2012,3.62193279569892,-1.18924086021505,0.41994,"G-1260"
Dec 2012,4.88563440860215,-0.892967741935484,0.449964,"G-2866"
Jan 2013,-0.202620967741935,-1.09209543010753,0.809988,"G-1220"
Jan 2013,-0.19935752688172,-1.19034408602151,1.439892,"PB-1680"
Jan 2013,-0.105569892473118,-0.71097311827957,0.42,"G-3549"
Jan 2013,0.114473755047106,-0.699083333333333,0.41,"F-45"
Jan 2013,0.150790322580645,-1.09209543010753,0.809988,"G-561"
Jan 2013,0.160684139784946,-0.801239247311828,0.46,"F-179"
Jan 2013,0.313488095238095,NA,0.36,"G-852"
Jan 2013,0.508190860215054,-0.801239247311828,0.33,"F-319"
Jan 2013,0.643725806451613,-0.702954301075269,0.27,"G-580A"
Jan 2013,0.78869623655914,-0.653682795698925,0.55,"G-860"
Jan 2013,2.65416397849462,-0.894269489247312,1.699956,"G-2147"
Jan 2013,2.97552150537634,-1.19034408602151,1.209912,"G-1260"
Jan 2013,4.00462634408602,-0.894269489247312,1.369956,"G-2866"
Feb 2013,-0.63675,-1.18598392857143,1.299972,"PB-1680"
Feb 2013,-0.225074404761905,-1.13992529761905,2.159916,"G-1220"
Feb 2013,0.0764255952380952,-0.686178571428571,1.08,"G-3549"
Feb 2013,0.15997619047619,-1.13992529761905,1.829952,"G-561"
Feb 2013,0.188008928571429,-0.850236607142857,1.62,"F-179"
Feb 2013,0.241854166666667,-0.739083333333333,1.88,"F-45"
Feb 2013,0.384243684992571,NA,2.135,"G-852"
Feb 2013,0.555077380952381,-0.850236607142857,1.7,"F-319"
Feb 2013,0.744309523809524,-0.773041666666667,1.18,"G-580A"
Feb 2013,0.869017857142857,-0.730848214285714,1.27,"G-860"
Feb 2013,2.38354761904762,-0.89021130952381,2.259936,"G-2147"
Feb 2013,2.58885543964232,-1.18598392857143,1.11996,"G-1260"
Feb 2013,3.50365476190476,-0.89021130952381,1.669968,"G-2866"
Mar 2013,-1.16269717362046,-1.19153378196501,0.189948,"PB-1680"
Mar 2013,-0.292792732166891,-1.04942409152086,0.10998,"G-1220"
Mar 2013,0.119388963660834,-1.04942409152086,0.149976,"G-561"
Mar 2013,0.138522207267833,-0.571201612903226,1.41,"G-3549"
Mar 2013,0.203545087483176,-0.559110215053763,0.16,"F-45"
Mar 2013,0.29814333781965,-0.669653225806452,1.01,"F-179"
Mar 2013,0.33014266487214,NA,0.255,"G-852"
Mar 2013,0.591107671601615,-0.669653225806452,1.15,"F-319"
Mar 2013,0.752895591647332,-0.611905913978495,1.51,"G-580A"
Mar 2013,0.78242934051144,-0.570483870967742,0.33,"G-860"
Mar 2013,1.99805652759085,-0.897492328398385,0.109956,"G-2147"
Mar 2013,2.25758546433378,-1.19153378196501,0.189972,"G-1260"
Mar 2013,2.92983041722746,-0.897492328398385,0.299976,"G-2866"
Apr 2013,-0.618013888888889,-1.18743111111111,6.119916,"PB-1680"
Apr 2013,-0.202666666666667,-0.938763333333333,3.319884,"G-1220"
Apr 2013,0.326861111111111,-0.710083333333333,7.06,"G-3549"
Apr 2013,0.335513888888889,-0.938763333333333,4.099908,"G-561"
Apr 2013,0.77075,-0.724791666666667,7.44,"F-45"
Apr 2013,0.782527045769764,NA,6.025,"G-852"
Apr 2013,0.801381944444445,-0.850334722222222,10.6,"F-179"
Apr 2013,0.900666666666667,-0.850334722222222,7.28,"F-319"
Apr 2013,1.13975,-0.691361111111111,3.69,"G-860"
Apr 2013,1.15139963833635,-0.737083333333333,5,"G-580A"
Apr 2013,2.39479166666667,-0.893397916666667,8.50992,"G-2147"
Apr 2013,2.94974687065369,-1.18743111111111,9.12996,"G-1260"
Apr 2013,3.43044444444444,-0.893397916666667,8.649924,"G-2866"
May 2013,0.308287634408602,-0.530086021505376,11.83,"G-3549"
May 2013,0.801868279569892,-0.931621774193548,12.51996,"G-1220"
May 2013,0.962094086021505,-1.18497446236559,12.7998,"PB-1680"
May 2013,1.06668548387097,-0.626293010752688,10.94,"F-319"
May 2013,1.06679838709677,NA,6.315,"G-852"
May 2013,1.16618279569892,-0.490913978494624,10.67,"G-860"
May 2013,1.17602419354839,-0.542483870967742,6.45,"F-45"
May 2013,1.20457258064516,-0.41455376344086,9.3,"G-580A"
May 2013,1.24692405913978,-0.626293010752688,9.13,"F-179"
May 2013,1.4852123655914,-0.931621774193548,12.789936,"G-561"
May 2013,4.27064247311828,-0.89193561827957,13.189812,"G-2147"
May 2013,5.21695967741935,-1.18497446236559,13.429848,"G-1260"
May 2013,6.49812096774194,-0.89193561827957,13.909908,"G-2866"
Jun 2013,0.410444444444444,-0.876111111111111,6.01,"G-3549"
Jun 2013,0.898388888888889,-0.823111111111111,4.27,"G-860"
Jun 2013,0.943722222222222,-0.907813888888889,5.09,"F-319"
Jun 2013,0.976904320987654,-0.740083333333333,4.49,"G-580A"
Jun 2013,0.98675,-0.981230138888889,6.279948,"G-1220"
Jun 2013,1.08872916666667,-0.907813888888889,5,"F-179"
Jun 2013,1.34241666666667,-0.696458333333333,8.53,"F-45"
Jun 2013,1.40631345353675,NA,11.23,"G-852"
Jun 2013,1.59740277777778,-0.981230138888889,9.02988,"G-561"
Jun 2013,1.64847222222222,-1.18639597222222,5.37984,"PB-1680"
Jun 2013,4.36198611111111,-0.891297083333333,6.529884,"G-2147"
Jun 2013,5.67005555555556,-1.18639597222222,6.839832,"G-1260"
Jun 2013,7.37138888888889,-0.891297083333333,5.829864,"G-2866"
Jul 2013,0.507413978494624,-0.575233870967742,9.37,"G-3549"
Jul 2013,0.986262096774194,-0.639432795698925,7.67,"F-179"
Jul 2013,1.04760483870968,NA,11.435,"G-852"
Jul 2013,1.15656334231806,-0.949387903225806,13.219884,"G-1220"
Jul 2013,1.15852688172043,-0.639432795698925,12.28,"F-319"
Jul 2013,1.19284946236559,-0.52739247311828,5.9,"G-860"
Jul 2013,1.34285215053763,-0.635521505376344,8.33,"G-580A"
Jul 2013,1.53779838709677,-0.363680107526882,15.04,"F-45"
Jul 2013,1.6149435483871,-0.949387903225806,13.399836,"G-561"
Jul 2013,1.84213440860215,-1.18619005376344,10.099824,"PB-1680"
Jul 2013,4.57541857335128,-0.890845564516129,14.579928,"G-2147"
Jul 2013,5.74627419354839,-1.18619005376344,8.819796,"G-1260"
Jul 2013,7.53027150537634,-0.890845564516129,10.389852,"G-2866"
Aug 2013,0.172615591397849,-0.585018817204301,3.03,"G-3549"
Aug 2013,0.507190860215054,-0.762127284946237,2.139948,"G-1220"
Aug 2013,0.59344966442953,NA,2.34,"G-852"
Aug 2013,0.59796875,-0.678106182795699,2.55,"F-179"
Aug 2013,0.662629878869448,-0.593209677419355,1.24,"F-45"
Aug 2013,0.666739247311828,-0.678106182795699,2.49,"F-319"
Aug 2013,0.754997311827957,-0.762127284946237,1.259928,"G-561"
Aug 2013,0.760314939434724,-0.500991935483871,3.44,"G-580A"
Aug 2013,0.867688172043011,-0.553413978494624,3.16,"G-860"
Aug 2013,1.35284677419355,-1.1869998655914,4.879896,"PB-1680"
Aug 2013,4.38349193548387,-0.891350134408602,3.20994,"G-2147"
Aug 2013,5.2584367816092,-1.1869998655914,2.889984,"G-1260"
Aug 2013,7.10841666666667,-0.891350134408602,2.729964,"G-2866"
Sep 2013,0.378166666666667,-0.52164375,5.439924,"G-1220"
Sep 2013,0.569166666666667,-0.234805555555556,5.66,"G-3549"
Sep 2013,0.797638888888889,-0.52164375,5.029872,"G-561"
Sep 2013,0.827930555555556,NA,7.24,"G-852"
Sep 2013,0.864611111111111,-0.334056944444444,4.17,"F-319"
Sep 2013,0.908125,-0.168861111111111,8.24,"F-45"
Sep 2013,1.095,-0.334056944444444,7.66,"F-179"
Sep 2013,1.18042677824268,-0.178861111111111,5.59,"G-580A"
Sep 2013,1.23518055555556,-0.198833333333333,4.47,"G-860"
Sep 2013,1.39148611111111,-1.18741236111111,4.329888,"PB-1680"
Sep 2013,4.21758333333333,-0.892309305555556,8.199852,"G-2147"
Sep 2013,4.86035,-1.18741236111111,4.669812,"G-1260"
Sep 2013,6.43805555555556,-0.892309305555556,5.789892,"G-2866"
Oct 2013,0.492736559139785,-0.138096774193548,1.8,"G-3549"
Oct 2013,0.695154362416107,NA,2.29,"G-852"
Oct 2013,0.725654761904762,-0.414931182795699,3.55998,"G-1220"
Oct 2013,0.849271505376344,-1.18661129032258,0.329976,"PB-1680"
Oct 2013,1.18206720430108,-0.414931182795699,3.52998,"G-561"
Oct 2013,1.21408344549125,0.0208629032258064,3.75,"F-45"
Oct 2013,1.32817741935484,-0.0865577956989247,4.62,"F-179"
Oct 2013,1.33466397849462,0.0225672043010753,7.4,"G-860"
Oct 2013,1.59446153846154,-0.0865577956989247,8.87,"F-319"
Oct 2013,1.90512365591398,0.132206989247312,11.02,"G-580A"
Oct 2013,3.88609946236559,-0.891336290322581,0.869964,"G-2147"
Oct 2013,4.29269892473118,-1.18661129032258,0.479964,"G-1260"
Oct 2013,5.6865752688172,-0.891336290322581,0.729996,"G-2866"
Nov 2013,0.173306759098787,0.0202083333333333,3.89,"G-3549"
Nov 2013,0.369961165048544,-1.18725083333333,5.359932,"PB-1680"
Nov 2013,0.634640424430642,-0.550219027777778,9.339828,"G-1220"
Nov 2013,0.789054313099042,-0.0666111111111111,9.86,"F-45"
Nov 2013,1.13583356449376,-0.223623611111111,10.2,"F-179"
Nov 2013,1.19943411927878,NA,10.515,"G-852"
Nov 2013,1.29212482662968,-0.550219027777778,7.469832,"G-561"
Nov 2013,1.3234133148405,-0.223623611111111,7.85,"F-319"
Nov 2013,1.45842579750347,0.00215277777777786,6.85,"G-860"
Nov 2013,1.58351532033426,0.00868055555555552,8.27,"G-580A"
Nov 2013,3.27362274618585,-0.891929861111111,3.769872,"G-2147"
Nov 2013,3.70987794729542,-1.18725083333333,3.539904,"G-1260"
Nov 2013,4.78278502080444,-0.891929861111111,3.659928,"G-2866"
Dec 2013,0.0495208333333333,-0.459306451612903,2.28,"G-3549"
Dec 2013,0.543626086956522,-0.839158602150538,2.389968,"G-1220"
Dec 2013,0.659755376344086,-1.18587298387097,0.869976,"PB-1680"
Dec 2013,0.904991935483871,-0.61570564516129,3.28,"F-179"
Dec 2013,1.00425,-0.4995,5.12,"F-45"
Dec 2013,1.05866129032258,-0.61570564516129,3.42,"F-319"
Dec 2013,1.10755107526882,-0.839158602150538,1.359972,"G-561"
Dec 2013,1.2089932885906,NA,3.74,"G-852"
Dec 2013,1.43676177658143,-0.422698924731183,1.99,"G-580A"
Dec 2013,1.54073924731183,-0.454448924731183,3.45,"G-860"
Dec 2013,3.14010228802153,-0.889265994623656,0.859992,"G-2147"
Dec 2013,3.94750471063257,-1.18587298387097,2.529984,"G-1260"
Dec 2013,4.79986827956989,-0.889265994623656,0.869988,"G-2866"
Jan 2014,-0.0566021505376344,-1.18894758064516,1.679892,"PB-1680"
Jan 2014,-0.042755376344086,-1.08669099462366,2.90994,"G-1220"
Jan 2014,0.0612311827956989,-0.588150537634409,3.04,"G-3549"
Jan 2014,0.426771505376344,-1.08669099462366,2.649972,"G-561"
Jan 2014,0.565156586021505,-0.68602688172043,1.62,"F-179"
Jan 2014,0.749438172043011,-0.537309139784946,2.8,"F-45"
Jan 2014,0.750811827956989,-0.68602688172043,1.07,"F-319"
Jan 2014,0.759432795698925,NA,2.925,"G-852"
Jan 2014,1.06669623655914,-0.543505376344086,0.77,"G-580A"
Jan 2014,1.22344086021505,-0.574354838709677,2.54,"G-860"
Jan 2014,2.4186935483871,-0.891001209677419,3.22992,"G-2147"
Jan 2014,3.32600537634409,-1.18894758064516,2.90994,"G-1260"
Jan 2014,4.02519086021505,-0.891001209677419,2.68992,"G-2866"
Feb 2014,0.0494999999999999,-1.18670773809524,1.489992,"PB-1680"
Feb 2014,0.0609791666666666,-0.611327380952381,2.79,"G-3549"
Feb 2014,0.305535714285714,-1.14391964285714,1.08,"G-1220"
Feb 2014,0.513559572719803,-0.608089285714286,0.78,"F-179"
Feb 2014,0.544741071428571,-0.499619047619048,1.12,"F-45"
Feb 2014,0.664247023809524,-1.14391964285714,0.809988,"G-561"
Feb 2014,0.758782738095238,-0.608089285714286,1.6,"F-319"
Feb 2014,0.759013372956909,NA,1.58,"G-852"
Feb 2014,0.918535714285714,-0.498517857142857,1.41,"G-580A"
Feb 2014,1.13737179487179,-0.534419642857143,2.23,"G-860"
Feb 2014,2.68839880952381,-0.892837797619048,1.52994,"G-2147"
Feb 2014,3.37531845238095,-1.18670773809524,1.41996,"G-1260"
Feb 2014,4.11297023809524,-0.892837797619048,1.379976,"G-2866"
Mar 2014,-0.601405114401077,-1.19177860026918,2.049984,"PB-1680"
Mar 2014,-0.166345895020188,-1.04541265141319,1.48998,"G-1220"
Mar 2014,-0.135407806191117,-0.710986559139785,1.38,"G-3549"
Mar 2014,0.364985195154778,-0.653518817204301,1.87,"F-45"
Mar 2014,0.377060565275908,-1.04541265141319,1.909968,"G-561"
Mar 2014,0.399802153432032,-0.721802419354839,1.73,"F-179"
Mar 2014,0.418177658142665,NA,0.925,"G-852"
Mar 2014,0.601699865410498,-0.721802419354839,1.69,"F-319"
Mar 2014,0.791082099596231,-0.615575268817204,1.66,"G-580A"
Mar 2014,0.938445491251682,-0.62763440860215,1.94,"G-860"
Mar 2014,2.21008882907133,-0.894044414535666,1.419972,"G-2147"
Mar 2014,2.80085598923284,-1.19177860026918,1.689912,"G-1260"
Mar 2014,3.57546971736205,-0.894044414535666,1.889928,"G-2866"
Apr 2014,-0.660013888888889,-1.18866763888889,1.12992,"PB-1680"
Apr 2014,-0.209402777777778,-0.62875,0.18,"G-3549"
Apr 2014,-0.0474027777777777,-0.939320138888889,4.729956,"G-1220"
Apr 2014,0.320541666666667,-0.55675,1.98,"F-45"
Apr 2014,0.420777777777778,-0.648069444444444,2.32,"F-179"
Apr 2014,0.469850208044383,NA,4.145,"G-852"
Apr 2014,0.476958333333333,-0.939320138888889,5.26998,"G-561"
Apr 2014,0.581097222222222,-0.648069444444444,2.02,"F-319"
Apr 2014,0.743125,-0.552041666666667,1.88,"G-580A"
Apr 2014,0.900847222222222,-0.381388888888889,2.35,"G-860"
Apr 2014,2.36526388888889,-0.893609444444444,3.839904,"G-2147"
Apr 2014,2.94108045977011,-1.18866763888889,4.999932,"G-1260"
Apr 2014,3.75979166666667,-0.893609444444444,5.289972,"G-2866"
May 2014,-0.750096774193548,-1.1889873655914,2.689968,"PB-1680"
May 2014,0.0918360215053763,-0.480422043010753,1.71,"G-3549"
May 2014,0.220739247311828,-0.93304502688172,4.439952,"G-1220"
May 2014,0.414809139784946,NA,3.62,"G-852"
May 2014,0.486629032258064,-0.494540322580645,3.85,"F-45"
May 2014,0.517841397849462,-0.603831989247312,2.51,"F-179"
May 2014,0.605086021505376,-0.603831989247312,2.11,"F-319"
May 2014,0.647287634408602,-0.483814516129032,1.23,"G-580A"
May 2014,0.784813218390805,-0.408978494623656,2.01,"G-860"
May 2014,0.96702688172043,-0.93304502688172,6.72996,"G-561"
May 2014,2.77513405797101,-0.894171370967742,3.860004,"G-2147"
May 2014,3.12986290322581,-1.1889873655914,3.219888,"G-1260"
May 2014,4.25321505376344,-0.894171370967742,3.939948,"G-2866"
Jun 2014,-0.131652777777778,-1.18750291666667,4.109868,"PB-1680"
Jun 2014,0.258871794871795,-0.716763888888889,4.55,"G-3549"
Jun 2014,0.427083333333333,-0.982045277777778,8.449896,"G-1220"
Jun 2014,0.769819444444445,-0.771208333333333,8.53,"F-319"
Jun 2014,0.801402777777778,-0.771208333333333,9.23,"F-179"
Jun 2014,0.848916666666667,-0.615388888888889,9.25,"F-45"
Jun 2014,0.928472222222222,-0.982045277777778,5.989884,"G-561"
Jun 2014,0.957875,-0.652513888888889,5.02,"G-580A"
Jun 2014,0.984649098474341,NA,10.205,"G-852"
Jun 2014,1.26291666666667,-0.647958333333333,5.39,"G-860"
Jun 2014,2.6768435171386,-0.892474861111111,4.31982,"G-2147"
Jun 2014,3.31751388888889,-1.18750291666667,6.40986,"G-1260"
Jun 2014,4.12830555555556,-0.892474861111111,3.6399,"G-2866"
Jul 2014,0.436135416666667,-0.749293010752688,5.38,"G-3549"
Jul 2014,0.73328125,-0.952401747311828,9.019908,"G-1220"
Jul 2014,0.955529569892473,-0.749337365591398,3.72,"F-319"
Jul 2014,1.13321774193548,-0.749337365591398,6.52,"F-179"
Jul 2014,1.13734139784946,-0.607806451612903,2.48,"G-580A"
Jul 2014,1.23412365591398,-1.18750161290323,7.269984,"PB-1680"
Jul 2014,1.25794086021505,-0.952401747311828,7.9299,"G-561"
Jul 2014,1.36413978494624,-1.535,2.52,"G-860"
Jul 2014,1.43888709677419,-0.557698924731183,8.24,"F-45"
Jul 2014,1.45536021505376,NA,9.54,"G-852"
Jul 2014,2.97778734858681,-0.892920161290323,7.159872,"G-2147"
Jul 2014,4.22194623655914,-1.18750161290323,7.379856,"G-1260"
Jul 2014,4.87985483870968,-0.892920161290323,10.169904,"G-2866"
Aug 2014,0.449873655913978,-0.372491935483871,2.61,"G-3549"
Aug 2014,0.732868279569893,-0.418173387096774,2.48,"F-319"
Aug 2014,0.787129032258065,-0.418173387096774,1.7,"F-179"
Aug 2014,0.991347222222222,-0.230037634408602,3.64,"G-580A"
Aug 2014,1.03947916666667,-0.765650134408602,7.09998,"G-1220"
Aug 2014,1.05606711409396,NA,5.665,"G-852"
Aug 2014,1.13483870967742,-1.535,4.01,"G-860"
Aug 2014,1.21238761776581,-0.266274193548387,5.19,"F-45"
Aug 2014,1.43419086021505,-0.765650134408602,7.61988,"G-561"
Aug 2014,1.91031989247312,-1.1871002688172,4.449948,"PB-1680"
Aug 2014,3.81165053763441,-0.892783333333333,4.309944,"G-2147"
Aug 2014,5.0536935483871,-1.1871002688172,5.589924,"G-1260"
Aug 2014,6.22517741935484,-0.892783333333333,5.189928,"G-2866"
Sep 2014,0.646528735632184,-0.279125,5.05,"G-3549"
Sep 2014,0.803361111111111,-0.320715277777778,4.99,"F-319"
Sep 2014,0.840555555555556,-0.320715277777778,6.57,"F-179"
Sep 2014,1.01198611111111,-0.523704722222222,8.96988,"G-1220"
Sep 2014,1.02156050069541,-0.150555555555556,8.41,"F-45"
Sep 2014,1.03613888888889,-0.143236111111111,6.15,"G-580A"
Sep 2014,1.08783333333333,-1.535,6.31,"G-860"
Sep 2014,1.10127777777778,NA,10.84,"G-852"
Sep 2014,1.34919444444444,-0.523704722222222,9.169908,"G-561"
Sep 2014,1.86151388888889,-1.18737555555556,9.099828,"PB-1680"
Sep 2014,3.49222222222222,-0.892753194444444,5.629776,"G-2147"
Sep 2014,4.77943055555556,-1.18737555555556,8.07978,"G-1260"
Sep 2014,5.53951388888889,-0.892753194444444,5.629812,"G-2866"
Oct 2014,0.530881720430108,-0.144266129032258,6.39,"G-3549"
Oct 2014,0.900551075268817,-0.41759811827957,1.87992,"G-1220"
Oct 2014,0.964566621803499,-0.230076612903226,4.91,"F-319"
Oct 2014,0.969991935483871,-0.230076612903226,2.79,"F-179"
Oct 2014,0.989610738255034,NA,3.805,"G-852"
Oct 2014,1.25851144010767,-0.103908602150538,5.45,"F-45"
Oct 2014,1.34343817204301,-0.41759811827957,2.669952,"G-561"
Oct 2014,1.46367204301075,-0.0551182795698925,5.94,"G-580A"
Oct 2014,1.50875,-1.535,11.21,"G-860"
Oct 2014,1.93693279569892,-1.18666626344086,3.219936,"PB-1680"
Oct 2014,3.37269892473118,-0.893528360215054,2.349936,"G-2147"
Oct 2014,4.74528869047619,-1.18666626344086,3.139944,"G-1260"
Oct 2014,5.74050336473755,-0.893528360215054,2.949924,"G-2866"
Nov 2014,0.371281553398058,-0.0947916666666667,2.8,"G-3549"
Nov 2014,0.415346740638003,-0.549924722222222,2.329908,"G-1220"
Nov 2014,0.633997226074896,NA,2.07,"G-852"
Nov 2014,0.757666666666667,-0.0722083333333334,2.16,"F-45"
Nov 2014,0.823690707350902,-0.202459722222222,2.1,"F-179"
Nov 2014,0.849780859916782,-0.549924722222222,2.449908,"G-561"
Nov 2014,0.855687933425798,-0.202459722222222,2.26,"F-319"
Nov 2014,1.21557836338419,-1.18732847222222,2.419944,"PB-1680"
Nov 2014,1.22036439499305,-0.0459444444444445,1.9,"G-580A"
Nov 2014,1.32916088765603,-1.535,2.14,"G-860"
Nov 2014,2.882,-0.893049305555556,2.349876,"G-2147"
Nov 2014,3.90077947295423,-1.18732847222222,2.259924,"G-1260"
Nov 2014,4.84128710124827,-0.893049305555556,2.389932,"G-2866"
Dec 2014,0.284766129032258,-0.273029569892473,2.16,"G-3549"
Dec 2014,0.511529569892473,NA,1.565,"G-852"
Dec 2014,0.577072580645161,-0.239728494623656,1.07,"F-45"
Dec 2014,0.702706989247312,-0.33108064516129,1.68,"F-179"
Dec 2014,0.741296296296296,-0.839175,3.049932,"G-1220"
Dec 2014,0.753382234185734,-0.33108064516129,1.19,"F-319"
Dec 2014,0.827359195402299,-1.18544206989247,0.669924,"PB-1680"
Dec 2014,0.964768817204301,-0.839175,2.769912,"G-561"
Dec 2014,0.974433378196501,-0.191018817204301,1.64,"G-580A"
Dec 2014,1.10907258064516,-1.535,1.18,"G-860"
Dec 2014,2.71375287356322,-0.890699731182796,2.129892,"G-2147"
Dec 2014,3.52337096774194,-1.18544206989247,1.239924,"G-1260"
Dec 2014,4.2720188172043,-0.890699731182796,1.399908,"G-2866"
Jan 2015,0.138529569892473,-0.548325268817204,2.24,"G-3549"
Jan 2015,0.432075268817204,-0.615856182795699,0.9,"F-179"
Jan 2015,0.463712,NA,2.67,"G-852"
Jan 2015,0.483263888888889,-1.08516088709677,2.499972,"G-1220"
Jan 2015,0.50849798115747,-0.508989247311828,2.93,"F-45"
Jan 2015,0.603258064516129,-0.615856182795699,0.97,"F-319"
Jan 2015,0.669876344086021,-1.08516088709677,1.849968,"G-561"
Jan 2015,0.790978494623656,-1.18629153225806,1.289964,"PB-1680"
Jan 2015,0.863416666666667,-0.49066935483871,1.27,"G-580A"
Jan 2015,1.00129032258065,-1.535,0.82,"G-860"
Jan 2015,2.46759139784946,-0.889616532258064,1.619988,"G-2147"
Jan 2015,3.11072311827957,-1.18629153225806,1.579956,"G-1260"
Jan 2015,3.94939784946237,-0.889616532258064,1.959984,"G-2866"
Feb 2015,0.104208333333333,-0.531520833333333,1.82,"G-3549"
Feb 2015,0.225231481481482,-1.144765625,1.979964,"G-1220"
Feb 2015,0.399623456790123,-1.18930446428571,2.059992,"PB-1680"
Feb 2015,0.415181547619048,-0.578508928571429,2.31,"F-179"
Feb 2015,0.445371794871795,-0.457104166666667,6.81,"F-45"
Feb 2015,0.447215453194651,NA,9.17,"G-852"
Feb 2015,0.535303571428571,-1.144765625,2.549964,"G-561"
Feb 2015,0.613652757078987,-0.578508928571429,1.3,"F-319"
Feb 2015,0.813692995529061,-0.477029761904762,1.14,"G-580A"
Feb 2015,0.940580357142857,-1.535,1.36,"G-860"
Feb 2015,2.13930654761905,-0.894537053571429,1.109952,"G-2147"
Feb 2015,2.6685625,-1.18930446428571,2.089944,"G-1260"
Feb 2015,3.50750892857143,-0.894537053571429,1.309932,"G-2866"
Mar 2015,-0.0690013458950202,-0.776927419354839,1.8,"G-3549"
Mar 2015,-0.0328009259259259,-1.04312328398385,0.50994,"G-1220"
Mar 2015,0.177397039030956,-1.18616716016151,0.18996,"PB-1680"
Mar 2015,0.361376850605653,-0.887870967741936,0.6,"F-179"
Mar 2015,0.457123822341857,-0.887870967741936,0.45,"F-319"
Mar 2015,0.5098600269179,-1.04312328398385,0.689988,"G-561"
Mar 2015,0.555432795698925,-0.750938172043011,0.38,"G-580A"
Mar 2015,0.686796733212341,-1.535,1.13,"G-860"
Mar 2015,0.920974427994616,-0.75816935483871,0.62,"F-45"
Mar 2015,1.04879676985195,NA,1.33,"G-852"
Mar 2015,1.76996769851952,-0.8894,0.36996,"G-2147"
Mar 2015,2.04889098250336,-1.18616716016151,0.259968,"G-1260"
Mar 2015,2.86066487213997,-0.8894,0.469956,"G-2866"
Apr 2015,-0.652763888888889,-1.18769347222222,3.65994,"PB-1680"
Apr 2015,-0.290833333333333,-0.938329722222222,3.489936,"G-1220"
Apr 2015,-0.181319444444444,-0.707222222222222,4.3,"G-3549"
Apr 2015,0.168166666666667,-0.938329722222222,3.56994,"G-561"
Apr 2015,0.293744089012517,-0.641763888888889,3.22,"F-45"
Apr 2015,0.3045,-0.779768055555556,3.61,"F-179"
Apr 2015,0.314922114047288,-0.779768055555556,3.15,"F-319"
Apr 2015,0.327708333333333,-0.64575,2.4,"G-580A"
Apr 2015,0.45824133148405,NA,6.01,"G-852"
Apr 2015,0.478720238095238,-1.535,3.73,"G-860"
Apr 2015,1.24448611111111,-1.18769347222222,4.309932,"G-1260"
Apr 2015,1.90421590909091,-0.89216,6.46998,"G-2147"
Apr 2015,2.36147222222222,-0.89216,4.669944,"G-2866"
May 2015,-0.483339460784314,-0.929646639784946,1.129932,"G-1220"
May 2015,-0.317556451612903,-1.18767096774194,0.65994,"PB-1680"
May 2015,0.460960969044414,-0.546368279569893,1.33,"F-45"
May 2015,0.465209677419355,-0.503352150537634,0.89,"G-3549"
May 2015,0.499185483870968,-0.691815860215054,1.49,"F-319"
May 2015,0.543836021505376,-0.691815860215054,1.03,"F-179"
May 2015,0.641341397849462,-0.929646639784946,1.049916,"G-561"
May 2015,0.656440860215054,-0.525091397849462,1.21,"G-580A"
May 2015,0.665833333333333,-0.843333333333333,1.76,"G-860"
May 2015,0.690884408602151,NA,1.75,"G-852"
May 2015,1.7003064516129,-1.18767096774194,0.909996,"G-1260"
May 2015,2.36808870967742,-0.891575403225806,0.629964,"G-2147"
May 2015,2.97146774193548,-0.891575403225806,1.129956,"G-2866"
Jun 2015,-0.834833333333333,-1.18767319444444,4.279908,"PB-1680"
Jun 2015,-0.675845588235294,-0.981304722222222,1.349988,"G-1220"
Jun 2015,0.110013888888889,-0.981304722222222,2.37996,"G-561"
Jun 2015,0.167304589707928,-0.809791666666667,2.44,"F-45"
Jun 2015,0.181146608315098,NA,2.385,"G-852"
Jun 2015,0.255486111111111,-0.792611111111111,1.46,"G-3549"
Jun 2015,0.348644230769231,-0.932822222222222,3.36,"F-179"
Jun 2015,0.359333333333333,-0.786555555555556,1.89,"G-580A"
Jun 2015,0.380916550764951,-0.932822222222222,3.39,"F-319"
Jun 2015,0.480811403508772,-0.694861111111111,2.75,"G-860"
Jun 2015,1.151625,-1.18767319444444,6.58998,"G-1260"
Jun 2015,1.75388888888889,-0.892267638888889,2.47998,"G-2147"
Jun 2015,2.42616666666667,-0.892267638888889,4.07994,"G-2866"
Jul 2015,-0.493021534320323,-0.951699327956989,3.049932,"G-1220"
Jul 2015,-0.03922311827957,-0.951699327956989,2.07996,"G-561"
Jul 2015,0.0306693548387096,-1.18868790322581,5.06994,"PB-1680"
Jul 2015,0.341328859060403,NA,5.16,"G-852"
Jul 2015,0.347965053763441,-0.731120967741935,4.48,"G-3549"
Jul 2015,0.35050336473755,-0.672040322580645,4.98,"F-45"
Jul 2015,0.479844086021505,-0.809822580645161,5.02,"F-179"
Jul 2015,0.572989247311828,-0.809822580645161,8.86,"F-319"
Jul 2015,0.646479138627187,-0.695091397849462,8.98,"G-580A"
Jul 2015,0.704314516129032,-0.591706989247312,4.75,"G-860"
Jul 2015,1.85563888888889,-0.892183870967742,3.569916,"G-2147"
Jul 2015,2.0210188172043,-1.18868790322581,4.829904,"G-1260"
Jul 2015,2.87115860215054,-0.892183870967742,3.279912,"G-2866"
Aug 2015,-0.085107671601615,-0.767413037634409,4.139904,"G-1220"
Aug 2015,0.381206989247312,-0.767413037634409,4.119912,"G-561"
Aug 2015,0.594567967698519,-0.325279569892473,5.85,"F-45"
Aug 2015,0.626755376344086,-0.384198924731183,9.24,"G-3549"
Aug 2015,0.760319892473118,-1.18944663978495,5.059884,"PB-1680"
Aug 2015,0.765530201342282,NA,6.975,"G-852"
Aug 2015,0.777438172043011,-0.498317204301075,4.7,"F-179"
Aug 2015,0.839371467025572,-0.498317204301075,5.36,"F-319"
Aug 2015,1.31988425302826,-0.336153225806452,3.81,"G-580A"
Aug 2015,1.40125841184388,-0.274247311827957,4.67,"G-860"
Aug 2015,1.80662365591398,-0.893280779569892,3.53994,"G-2147"
Aug 2015,1.94404301075269,-1.18944663978495,4.85988,"G-1260"
Aug 2015,2.8325564516129,-0.893280779569892,4.209936,"G-2866"
Sep 2015,0.807138888888889,-0.186277777777778,9.89,"G-3549"
Sep 2015,1.04847826086957,-0.525477222222222,10.579836,"G-1220"
Sep 2015,1.27409722222222,-1.18790736111111,9.529872,"PB-1680"
Sep 2015,1.32748611111111,NA,10.675,"G-852"
Sep 2015,1.34734722222222,-0.284204166666667,14.74,"F-319"
Sep 2015,1.45019444444444,-0.0264861111111112,8.68,"F-45"
Sep 2015,1.50233333333333,-0.284204166666667,10.66,"F-179"
Sep 2015,1.55522321428571,-0.0796249999999999,10.12,"G-860"
Sep 2015,1.68183333333333,-0.525477222222222,10.399764,"G-561"
Sep 2015,1.8095,-0.0347916666666667,12.42,"G-580A"
Sep 2015,2.74613888888889,-0.893037638888889,10.169916,"G-2147"
Sep 2015,2.82865277777778,-1.18790736111111,9.049896,"G-1260"
Sep 2015,3.98095833333333,-0.893037638888889,9.319884,"G-2866"
Oct 2015,0.762266129032258,0.400438172043011,2.3,"G-3549"
Oct 2015,0.898875968992248,-0.418674193548387,3.529896,"G-1220"
Oct 2015,0.993208053691275,NA,4.41,"G-852"
Oct 2015,1.33915053763441,-1.18855053763441,3.449964,"PB-1680"
Oct 2015,1.37195161290323,0.465486559139785,3.96,"F-45"
Oct 2015,1.53332839838493,0.266905913978495,5.93,"F-319"
Oct 2015,1.56000537634409,0.266905913978495,4.75,"F-179"
Oct 2015,1.63267204301075,-0.418674193548387,3.759948,"G-561"
Oct 2015,1.76265625,0.481559139784946,4.85,"G-860"
Oct 2015,1.8222876344086,0.508564516129032,5.85,"G-580A"
Oct 2015,3.23134139784946,-0.894866532258065,2.7099,"G-2147"
Oct 2015,3.52245698924731,-1.18855053763441,3.37992,"G-1260"
Oct 2015,5.09500268817204,-0.894866532258065,4.419936,"G-2866"
Nov 2015,0.34150346740638,0.000458333333333306,3.57,"G-3549"
Nov 2015,0.87380721220527,-0.547708472222222,4.489872,"G-1220"
Nov 2015,0.961126213592233,NA,5.705,"G-852"
Nov 2015,1.04603606102635,-1.18862777777778,3.22998,"PB-1680"
Nov 2015,1.13779611650485,-0.220827777777778,6.84,"F-319"
Nov 2015,1.25709482758621,-0.0136527777777778,6.52,"F-45"
Nov 2015,1.38784722222222,0.0679444444444444,5.63,"G-580A"
Nov 2015,1.38954507628294,-0.547708472222222,4.709952,"G-561"
Nov 2015,1.39434257975035,-0.220827777777778,7.34,"F-179"
Nov 2015,1.41103328710125,0.0417777777777779,5.9,"G-860"
Nov 2015,3.39091816920943,-0.893046527777778,6.089856,"G-2147"
Nov 2015,3.64014147018031,-1.18862777777778,4.909908,"G-1260"
Nov 2015,4.89249375866852,-0.893046527777778,4.87992,"G-2866"
Dec 2015,0.699537634408602,-0.166766129032258,14.71,"G-3549"
Dec 2015,1.26825268817204,-0.839875940860215,6.919884,"G-1220"
Dec 2015,1.31759139784946,NA,9.06,"G-852"
Dec 2015,1.35088440860215,-1.18843427419355,6.879888,"PB-1680"
Dec 2015,1.42981182795699,-0.144233870967742,10.46,"G-860"
Dec 2015,1.43758142664872,-0.351649193548387,12.21,"F-319"
Dec 2015,1.73516666666667,-0.351649193548387,9,"F-179"
Dec 2015,1.74095833333333,-0.126260752688172,7.09,"F-45"
Dec 2015,1.85389516129032,-0.839875940860215,6.959844,"G-561"
Dec 2015,2.2093141025641,0.00302688172043007,9.33,"G-580A"
Dec 2015,4.37990322580645,-0.893910080645161,9.519864,"G-2147"
Dec 2015,4.61010483870968,-1.18843427419355,6.049848,"G-1260"
Dec 2015,6.49814784946237,-0.893910080645161,8.299884,"G-2866"
Jan 2016,0.204819892473118,-0.354387096774194,4.59,"G-3549"
Jan 2016,0.708138888888889,-0.227201612903226,6.82,"F-45"
Jan 2016,0.786650537634409,NA,5.83,"G-852"
Jan 2016,0.821129032258065,-1.08779623655914,7.15986,"G-1220"
Jan 2016,0.84839247311828,-0.42766935483871,6.47,"F-319"
Jan 2016,0.903715053763441,-0.42766935483871,6.47,"F-179"
Jan 2016,1.19642204301075,-1.18799274193548,9.74988,"PB-1680"
Jan 2016,1.19887096774194,-0.266814516129032,6.61,"G-860"
Jan 2016,1.20361290322581,-1.08779623655914,7.079832,"G-561"
Jan 2016,1.68277127039627,-0.261569892473118,7.16,"G-580A"
Jan 2016,4.05138172043011,-0.893297715053763,7.519872,"G-2147"
Jan 2016,4.45935215053763,-1.18799274193548,8.739888,"G-1260"
Jan 2016,6.24512365591398,-0.893297715053763,7.969752,"G-2866"
Feb 2016,0.225192528735632,-0.509261494252874,3.37,"G-3549"
Feb 2016,0.754294964028777,-0.600012768817204,2.12,"F-319"
Feb 2016,0.860923959827834,NA,2.955,"G-852"
Feb 2016,0.890316666666667,-0.45567816091954,2.36,"F-45"
Feb 2016,0.893744252873563,-0.600012768817204,2.05,"F-179"
Feb 2016,0.963247126436782,-1.1413808908046,3.83994,"G-1220"
Feb 2016,1.15622843822844,-0.405721264367816,2.4,"G-580A"
Feb 2016,1.29614942528736,-0.462442528735632,2.49,"G-860"
Feb 2016,1.41487356321839,-1.1413808908046,2.969952,"G-561"
Feb 2016,1.79964367816092,-1.18820862068966,2.310024,"PB-1680"
Feb 2016,3.91830747126437,-0.892055459770115,2.139936,"G-2147"
Feb 2016,5.22080747126437,-1.18820862068966,3.429948,"G-1260"
Feb 2016,6.63107471264368,-0.892055459770115,2.449968,"G-2866"
Mar 2016,-0.113456258411844,-0.684427419354839,4.3,"G-3549"
Mar 2016,0.259934210526316,-1.04480067294751,2.209956,"G-1220"
Mar 2016,0.295629878869448,-0.772356182795699,0.27,"F-179"
Mar 2016,0.310748317631225,NA,0.855,"G-852"
Mar 2016,0.453718707940781,-0.772356182795699,1.01,"F-319"
Mar 2016,0.556885598923284,-1.04480067294751,2.019984,"G-561"
Mar 2016,0.629685606060606,-0.629728494623656,1.45,"G-580A"
Mar 2016,0.727476446837147,-0.600161290322581,1.34,"G-860"
Mar 2016,0.830714316239316,-0.665239247311828,0.6,"F-45"
Mar 2016,1.18719515477793,-1.18666312247645,8.519976,"PB-1680"
Mar 2016,3.2591467025572,-0.893344818304172,4.499988,"G-2147"
Mar 2016,4.37687213997308,-1.18666312247645,7.669992,"G-1260"
Mar 2016,5.6029932705249,-0.893344818304172,5.60994,"G-2866"
Apr 2016,-0.197076923076923,-0.936995416666667,0.159996,"G-1220"
Apr 2016,0.06425,-0.437638888888889,2.25,"G-3549"
Apr 2016,0.198407766990291,NA,1.71,"G-852"
Apr 2016,0.327486111111111,-0.553529166666667,0.73,"F-179"
Apr 2016,0.462571627260083,-0.553529166666667,0.77,"F-319"
Apr 2016,0.483666666666667,-0.936995416666667,0.719988,"G-561"
Apr 2016,0.558650969529086,-0.410819444444445,0.31,"G-580A"
Apr 2016,0.620138888888889,-0.346625,0.52,"G-860"
Apr 2016,0.771111965811966,-0.480875,0.38,"F-45"
Apr 2016,1.45955555555556,-1.18702972222222,0.639984,"PB-1680"
Apr 2016,3.33216666666667,-0.892264305555556,1.419984,"G-2147"
Apr 2016,4.36555555555556,-1.18702972222222,1.899984,"G-1260"
Apr 2016,5.46776388888889,-0.892264305555556,0.959952,"G-2866"
May 2016,-0.0233602150537634,-0.929853225806452,3.899916,"G-1220"
May 2016,0.363704301075269,-0.548782258064516,5.98,"G-3549"
May 2016,0.605266129032258,NA,5.91,"G-852"
May 2016,0.617940860215054,-0.929853225806452,5.749968,"G-561"
May 2016,0.705333333333333,-1.1848622311828,4.5399,"PB-1680"
May 2016,0.711509615384615,-0.491059139784946,6.22,"F-45"
May 2016,0.781618279569893,-0.630469086021505,6.13,"F-179"
May 2016,0.834817204301075,-0.630469086021505,6.64,"F-319"
May 2016,1.11032258064516,-0.489865591397849,7.6,"G-860"
May 2016,1.17074193548387,-0.487255376344086,7.92,"G-580A"
May 2016,3.39174462365591,-1.1848622311828,4.439928,"G-1260"
May 2016,3.51143548387097,-0.890021102150538,7.639908,"G-2147"
May 2016,4.71712634408602,-0.890021102150538,5.859924,"G-2866"
Jun 2016,0.0553337969401948,-0.981026388888889,4.619856,"G-1220"
Jun 2016,0.184472222222222,-0.681416666666667,3.69,"G-3549"
Jun 2016,0.580654646324549,NA,6.24,"G-852"
Jun 2016,0.682515994436718,-0.717811111111111,4.74,"F-319"
Jun 2016,0.727866666666667,-0.717811111111111,5.91,"F-179"
Jun 2016,0.740875,-0.573722222222222,7.14,"F-45"
Jun 2016,0.855222222222222,-0.981026388888889,5.209896,"G-561"
Jun 2016,1.03338888888889,-0.584,5.65,"G-580A"
Jun 2016,1.18845833333333,-0.597652777777778,10.01,"G-860"
Jun 2016,1.24415277777778,-1.18672875,7.229904,"PB-1680"
Jun 2016,3.76391666666667,-1.18672875,7.909932,"G-1260"
Jun 2016,3.78118055555556,-0.890953888888889,5.519904,"G-2147"
Jun 2016,5.75626388888889,-0.890953888888889,9.489936,"G-2866"
Jul 2016,-0.179180107526882,-0.947260752688172,1.80996,"G-1220"
Jul 2016,0.0988387096774193,-0.672424731182796,3.92,"G-3549"
Jul 2016,0.324795698924731,NA,2.055,"G-852"
Jul 2016,0.41279057591623,-0.690615591397849,2.21,"F-45"
Jul 2016,0.431193548387097,-0.947260752688172,2.019948,"G-561"
Jul 2016,0.475556451612903,-0.79639247311828,1.73,"F-179"
Jul 2016,0.788258064516129,-0.79639247311828,3.97,"F-319"
Jul 2016,1.04291935483871,-0.681072580645161,3.58,"G-580A"
Jul 2016,1.06988978494624,-1.18740779569892,3.429996,"PB-1680"
Jul 2016,1.11981182795699,-0.610685483870968,3.13,"G-860"
Jul 2016,3.0618252688172,-0.890243010752688,1.319964,"G-2147"
Jul 2016,3.6984247311828,-1.18740779569892,2.539956,"G-1260"
Jul 2016,5.45105107526882,-0.890243010752688,1.279932,"G-2866"
Aug 2016,0.107018842530283,-0.760044623655914,6.569796,"G-1220"
Aug 2016,0.440922043010753,-0.470448924731183,11.52,"G-3549"
Aug 2016,0.620368421052632,-0.420763440860215,7.37,"F-45"
Aug 2016,0.664926174496644,NA,9.37,"G-852"
Aug 2016,0.713612903225806,-0.760044623655914,5.97978,"G-561"
Aug 2016,0.755655913978495,-1.18850107526882,8.259864,"PB-1680"
Aug 2016,1.00966756393001,-0.595155913978495,9.93,"F-319"
Aug 2016,1.05569086021505,-0.595155913978495,9.21,"F-179"
Aug 2016,1.42607795698925,-0.318384408602151,7.98,"G-580A"
Aug 2016,1.50861559139785,-0.417943548387097,10.23,"G-860"
Aug 2016,2.70120698924731,-0.892198387096774,5.699832,"G-2147"
Aug 2016,3.0552123655914,-1.18850107526882,7.779756,"G-1260"
Aug 2016,4.54770430107527,-0.892198387096774,7.039752,"G-2866"
Sep 2016,0.291805555555556,-0.471486111111111,4.49,"G-3549"
Sep 2016,0.352930555555556,-0.519839722222222,3.769872,"G-1220"
Sep 2016,0.654111111111111,-0.526027777777778,4.13,"F-319"
Sep 2016,0.714541666666667,NA,4.39,"G-852"
Sep 2016,0.783412087912088,-0.357277777777778,4.21,"F-45"
Sep 2016,0.896916666666667,-0.526027777777778,1.93,"F-179"
Sep 2016,1.01190277777778,-0.519839722222222,2.919912,"G-561"
Sep 2016,1.19629166666667,-1.18756555555556,3.929928,"PB-1680"
Sep 2016,1.21809722222222,-0.288972222222222,4.05,"G-580A"
Sep 2016,1.3975,-0.385416666666667,4.48,"G-860"
Sep 2016,3.06429166666667,-0.892546666666667,5.839896,"G-2147"
Sep 2016,3.46172222222222,-1.18756555555556,2.769924,"G-1260"
Sep 2016,4.65966666666667,-0.892546666666667,2.62992,"G-2866"
Oct 2016,0.519900537634409,0.392266129032258,6.79,"G-3549"
Oct 2016,0.897692913385827,-0.416224462365591,5.279904,"G-1220"
Oct 2016,0.989194630872483,NA,6.385,"G-852"
Oct 2016,1.01919650067295,0.151788978494624,6.22,"F-319"
Oct 2016,1.18074739583333,0.34666935483871,6.56,"F-45"
Oct 2016,1.20859946236559,-1.18809099462366,3.24996,"PB-1680"
Oct 2016,1.21662634408602,0.432123655913979,5.93,"G-860"
Oct 2016,1.29437903225806,-0.416224462365591,3.399816,"G-561"
Oct 2016,1.32194086021505,0.151788978494624,6.57,"F-179"
Oct 2016,1.35665591397849,0.470728494623656,6.86,"G-580A"
Oct 2016,3.13441935483871,-1.18809099462366,3.25986,"G-1260"
Oct 2016,3.42670430107527,-0.892785080645161,5.649888,"G-2147"
Oct 2016,4.58185752688172,-0.892785080645161,4.609932,"G-2866"
Nov 2016,0.341794729542302,0.0155416666666666,0.74,"G-3549"
Nov 2016,0.438893203883495,-1.18737569444444,0.759984,"PB-1680"
Nov 2016,0.510532009100845,-0.553936388888889,1.169976,"G-1220"
Nov 2016,0.790389736477115,-0.127486111111111,0.72,"F-319"
Nov 2016,0.800902777777778,NA,1.035,"G-852"
Nov 2016,0.82107371349096,0.011875,0.6,"F-45"
Nov 2016,1.00064077669903,-0.553936388888889,0.699936,"G-561"
Nov 2016,1.01674202496533,-0.127486111111111,0.73,"F-179"
Nov 2016,1.09456944444444,0.0738472222222222,0.67,"G-580A"
Nov 2016,1.21916088765603,0.0568750000000001,0.63,"G-860"
Nov 2016,2.31853259361997,-1.18737569444444,0.549984,"G-1260"
Nov 2016,2.8201414701803,-0.893080138888889,0.779964,"G-2147"
Nov 2016,3.73045492371706,-0.893080138888889,0.649968,"G-2866"
Dec 2016,0.119379032258064,-1.1888126344086,2.279904,"PB-1680"
Dec 2016,0.123371104815864,-0.845444758064516,2.619948,"G-1220"
Dec 2016,0.138643962848297,-0.503043010752688,3.42,"G-3549"
Dec 2016,0.641067294751009,-0.646319892473118,2.19,"F-179"
Dec 2016,0.696714285714286,-0.646319892473118,2.93,"F-319"
Dec 2016,0.754981132075472,-0.518693548387097,4.14,"F-45"
Dec 2016,0.759338709677419,-0.845444758064516,3.749988,"G-561"
Dec 2016,0.767328859060403,NA,2.585,"G-852"
Dec 2016,1.03199193548387,-0.490790322580645,1.99,"G-580A"
Dec 2016,1.21599730458221,-0.443763440860215,1.32,"G-860"
Dec 2016,1.86588440860215,-1.1888126344086,2.409924,"G-1260"
Dec 2016,2.78544086021505,-0.892543413978495,4.48992,"G-2147"
Dec 2016,3.38431720430108,-0.892543413978495,4.459968,"G-2866"
Jan 2017,-0.155618279569892,-1.09174086021505,1.599972,"G-1220"
Jan 2017,-0.0466182795698925,-0.699077956989247,1.06,"G-3549"
Jan 2017,0.0113010752688172,-1.19034059139785,2.47992,"PB-1680"
Jan 2017,0.409604127579737,-0.636516129032258,2.18,"F-45"
Jan 2017,0.4185,-0.753182795698925,1.72,"F-179"
Jan 2017,0.539298387096774,-1.09174086021505,1.659936,"G-561"
Jan 2017,0.555516129032258,-0.753182795698925,1.49,"F-319"
Jan 2017,0.686086021505376,NA,3.005,"G-852"
Jan 2017,0.858793010752688,-0.640413978494624,0.8,"G-580A"
Jan 2017,1.09904761904762,-0.624086021505376,1.14,"G-860"
Jan 2017,1.61068279569892,-1.19034059139785,2.07996,"G-1260"
Jan 2017,2.39084408602151,-0.893786962365591,1.899912,"G-2147"
Jan 2017,3.10939784946237,-0.893786962365591,1.88994,"G-2866"
Feb 2017,-0.362853949329359,-1.14011071428571,1.709988,"G-1220"
Feb 2017,-0.226601190476191,-1.18574330357143,1.350012,"PB-1680"
Feb 2017,-0.18928869047619,-0.854125,1.02,"G-3549"
Feb 2017,0.194005952380952,-0.907477678571429,1.1,"F-179"
Feb 2017,0.223907566157287,-0.834306547619048,1.15,"F-45"
Feb 2017,0.28156780923994,-1.14011071428571,1.680024,"G-561"
Feb 2017,0.446409836065574,-0.907477678571429,1.13,"F-319"
Feb 2017,0.538612184249628,NA,1.115,"G-852"
Feb 2017,0.7226875,-0.807342261904762,1.06,"G-580A"
Feb 2017,1.01014018691589,-0.755982142857143,1.19,"G-860"
Feb 2017,1.31516964285714,-1.18574330357143,1.239972,"G-1260"
Feb 2017,1.94304166666667,-0.890437351190476,1.070016,"G-2147"
Feb 2017,2.65753869047619,-0.890437351190476,1.379952,"G-2866"
Mar 2017,-0.636532974427995,-1.19264104979812,1.939932,"PB-1680"
Mar 2017,-0.45849932705249,-1.04921520861373,1.769964,"G-1220"
Mar 2017,-0.208274562584118,-0.696524193548387,2.34,"G-3549"
Mar 2017,0.125865300146413,-1.04921520861373,1.429968,"G-561"
Mar 2017,0.239117489986649,-0.876677419354839,1.36,"F-179"
Mar 2017,0.340352544657904,-0.782739247311828,2.83,"F-45"
Mar 2017,0.511901749663526,-0.876677419354839,1.56,"F-319"
Mar 2017,0.552148048452221,NA,3.545,"G-852"
Mar 2017,0.716588709677419,-0.738075268817204,1.77,"G-580A"
Mar 2017,0.825232558139535,-0.636720430107527,2.69,"G-860"
Mar 2017,1.15220188425303,-1.19264104979812,2.839968,"G-1260"
Mar 2017,1.61537819650067,-0.897568102288022,1.439952,"G-2147"
Mar 2017,2.26633109017497,-0.897568102288022,2.019996,"G-2866"
Apr 2017,-0.729486111111111,-1.18805333333333,2.90994,"PB-1680"
Apr 2017,-0.24942280945758,-0.939125138888889,2.909976,"G-1220"
Apr 2017,-0.131243393602225,-0.355583333333333,2.11,"G-3549"
Apr 2017,0.32954435483871,-0.392097222222222,0.61,"F-45"
Apr 2017,0.347794871794872,-0.939125138888889,2.94996,"G-561"
Apr 2017,0.407277777777778,-0.496627777777778,0.82,"F-179"
Apr 2017,0.610457579972184,-0.496627777777778,1.38,"F-319"
Apr 2017,0.617963938973648,NA,2.76,"G-852"
Apr 2017,0.746636995827538,-0.363361111111111,1.65,"G-580A"
Apr 2017,0.845083449235049,-0.264611111111111,2.92,"G-860"
Apr 2017,1.05502777777778,-1.18805333333333,3.589992,"G-1260"
Apr 2017,1.65458692628651,-0.893875138888889,3.309948,"G-2147"
Apr 2017,2.07200556328234,-0.893875138888889,3.569964,"G-2866"
May 2017,-0.346333333333333,-1.1856560483871,3.769956,"PB-1680"
May 2017,-0.0572634408602151,-0.760086021505376,1.04,"G-3549"
May 2017,0.0321102150537635,-0.932595967741936,3.679932,"G-1220"
May 2017,0.209832884097035,-0.728747311827957,1.52,"F-45"
May 2017,0.260811827956989,-0.808521505376344,1.14,"F-179"
May 2017,0.450798387096774,-0.808521505376344,0.78,"F-319"
May 2017,0.550319892473118,NA,2.11,"G-852"
May 2017,0.585647849462365,-0.715064516129032,0.64,"G-580A"
May 2017,0.633787634408602,-0.932595967741936,2.259984,"G-561"
May 2017,0.721989247311828,-0.660120967741935,1.02,"G-860"
May 2017,1.40070967741935,-1.1856560483871,3.539952,"G-1260"
May 2017,1.90769892473118,-0.892871370967742,2.52996,"G-2147"
May 2017,2.35869892473118,-0.892871370967742,2.710008,"G-2866"
Jun 2017,0.394598052851182,-0.601638888888889,8.95,"G-3549"
Jun 2017,1.05001823281907,-0.639880555555556,9.75,"F-179"
Jun 2017,1.06569066286529,-0.422708333333333,9.97,"F-45"
Jun 2017,1.10037413073714,-0.639880555555556,12.39,"F-319"
Jun 2017,1.22027777777778,-0.443013888888889,8.16,"G-580A"
Jun 2017,1.26469401947149,-0.503319444444444,8.77,"G-860"
Jun 2017,1.37178720445063,-0.981431111111111,12.749844,"G-1220"
Jun 2017,1.38991666666667,NA,10.41,"G-852"
Jun 2017,1.84983333333333,-0.981431111111111,13.069848,"G-561"
Jun 2017,1.91980555555556,-1.18636930555556,13.739784,"PB-1680"
Jun 2017,3.98526388888889,-0.891447777777778,15.539868,"G-2147"
Jun 2017,4.12095833333333,-1.18636930555556,13.759872,"G-1260"
Jun 2017,5.30275,-0.891447777777778,14.469828,"G-2866"
Jul 2017,-0.0177876344086022,-0.513983870967742,4.19,"G-3549"
Jul 2017,0.506583333333333,NA,4.06,"G-852"
Jul 2017,0.523360215053764,-0.94944502688172,3.809904,"G-1220"
Jul 2017,0.615759838546922,-0.382362903225807,4.8,"F-45"
Jul 2017,0.79355376344086,-0.557741935483871,5.72,"F-179"
Jul 2017,0.876873655913979,-0.557741935483871,5.89,"F-319"
Jul 2017,0.971427419354839,-0.323827956989247,4.21,"G-580A"
Jul 2017,1.0493252688172,-0.94944502688172,4.309884,"G-561"
Jul 2017,1.09603494623656,-0.44755376344086,4.77,"G-860"
Jul 2017,1.60234946236559,-1.18581801075269,4.029876,"PB-1680"
Jul 2017,3.59811559139785,-0.89092876344086,5.3199,"G-2147"
Jul 2017,4.02243010752688,-1.18581801075269,5.029836,"G-1260"
Jul 2017,5.49101075268817,-0.89092876344086,4.089924,"G-2866"
Aug 2017,0.107633916554509,-0.57980376344086,6.76,"G-3549"
Aug 2017,0.634771197846568,-0.761847043010753,8.919864,"G-1220"
Aug 2017,0.876504710632571,-0.640904569892473,7.66,"F-319"
Aug 2017,0.932228187919463,NA,8.995,"G-852"
Aug 2017,1.01425706594886,-0.640904569892473,7.72,"F-179"
Aug 2017,1.10327254374159,-0.440413978494624,9.72,"F-45"
Aug 2017,1.25111036339166,-0.503051075268817,11.17,"G-860"
Aug 2017,1.34164247311828,-0.366704301075269,10.13,"G-580A"
Aug 2017,1.36054838709677,-0.761847043010753,10.769904,"G-561"
Aug 2017,1.79799462365591,-1.18670564516129,10.009896,"PB-1680"
Aug 2017,3.85718817204301,-0.89133373655914,8.919888,"G-2147"
Aug 2017,4.05143548387097,-1.18670564516129,9.409932,"G-1260"
Aug 2017,5.62791935483871,-0.89133373655914,9.039804,"G-2866"
Sep 2017,0.888013888888889,0.118597222222222,11.44,"G-3549"
Sep 2017,0.926081081081081,-0.521326666666667,13.889916,"G-1220"
Sep 2017,1.06508333333333,0.205666666666667,8.83,"G-860"
Sep 2017,1.42266666666667,3.19444444444447e-05,10.45,"F-319"
Sep 2017,1.53388888888889,0.487111111111111,8.13,"G-580A"
Sep 2017,1.73147222222222,3.19444444444447e-05,9,"F-179"
Sep 2017,1.76108333333333,NA,11.35,"G-852"
Sep 2017,1.83163004172462,0.257416666666667,9.85,"F-45"
Sep 2017,2.535375,-0.521326666666667,11.539836,"G-561"
Sep 2017,2.661625,-1.18741958333333,7.509852,"PB-1680"
Sep 2017,4.52886111111111,-0.892242638888889,8.039904,"G-2147"
Sep 2017,5.60637538844002,-1.18741958333333,8.589888,"G-1260"
Sep 2017,7.21469316375199,-0.892242638888889,9.039876,"G-2866"
Oct 2017,0.591566929133858,0.209631720430107,6.37,"G-3549"
Oct 2017,0.832936223575779,0.197379032258065,7.14,"G-860"
Oct 2017,1.22415109201575,0.442354838709677,7.82,"G-580A"
Oct 2017,1.32618425760286,0.00338172043010753,8.86,"F-319"
Oct 2017,1.59319407008086,-0.415170564516129,10.059876,"G-1220"
Oct 2017,1.60873825503356,NA,9.365,"G-852"
Oct 2017,1.64160421880586,0.00338172043010753,7.77,"F-179"
Oct 2017,1.75169623655914,0.239854838709677,7.93,"F-45"
Oct 2017,1.97724193548387,-0.415170564516129,8.29986,"G-561"
Oct 2017,2.62131627906977,-1.18652069892473,15.299856,"PB-1680"
Oct 2017,4.49102564102564,-0.891331048387097,11.65986,"G-2147"
Oct 2017,5.38674798387097,-1.18652069892473,15.999912,"G-1260"
Oct 2017,7.06977052785924,-0.891331048387097,12.979824,"G-2866"
Nov 2017,0.38647572815534,-0.0480416666666667,0.9,"G-3549"
Nov 2017,0.909515950069348,-0.197215277777778,4.62,"F-319"
Nov 2017,1.09082177531207,0.00376388888888897,3.92,"G-860"
Nov 2017,1.12407489597781,0.155013888888889,3.83,"G-580A"
Nov 2017,1.14402496532594,NA,3.975,"G-852"
Nov 2017,1.23185843164469,-0.0045555555555556,5.74,"F-45"
Nov 2017,1.24762274618585,-0.197215277777778,4.27,"F-179"
Nov 2017,1.43658113730929,-0.551143611111111,8.839896,"G-1220"
Nov 2017,1.74628571428571,-0.551143611111111,7.889928,"G-561"
Nov 2017,2.69451040221914,-1.18857111111111,3.96996,"PB-1680"
Nov 2017,4.64757558945908,-0.892886805555556,8.539896,"G-2147"
Nov 2017,5.98655270457698,-1.18857111111111,6.339924,"G-1260"
Nov 2017,8.23520723917672,-0.892886805555556,8.44992,"G-2866"
Dec 2017,0.0487193277310924,-0.591631720430108,0.68,"G-3549"
Dec 2017,0.585705363204345,-0.547362903225806,0.57,"F-45"
Dec 2017,0.639611764705882,-0.661954301075269,0.49,"F-179"
Dec 2017,0.672107382550336,NA,0.515,"G-852"
Dec 2017,0.78753781512605,-0.661954301075269,0.54,"F-319"
Dec 2017,0.801695798319328,-0.5375,0.71,"G-860"
Dec 2017,0.859791596638655,-0.529809139784946,0.6,"G-580A"
Dec 2017,0.932119784656797,-0.839937096774194,0.789996,"G-1220"
Dec 2017,1.21534677419355,-0.839937096774194,0.679956,"G-561"
Dec 2017,1.5672268907563,-1.18572177419355,0.599976,"PB-1680"
Dec 2017,4.39141532258065,-0.889473521505376,0.63996,"G-2147"
Dec 2017,5.30201008064516,-1.18572177419355,0.439956,"G-1260"
Dec 2017,7.62179704301075,-0.889473521505376,0.519948,"G-2866"
Jan 2018,-0.0898373655913979,-0.653432795698925,0.83,"G-3549"
Jan 2018,0.298010752688172,-1.08601075268817,3.3099,"G-1220"
Jan 2018,0.322287827841291,-0.816529569892473,2.3,"F-179"
Jan 2018,0.399937436932391,-0.706274193548387,2.4,"F-45"
Jan 2018,0.702524193548387,-1.08601075268817,3.769944,"G-561"
Jan 2018,0.714083333333333,NA,2.745,"G-852"
Jan 2018,0.770711021505376,-0.816529569892473,1.42,"F-319"
Jan 2018,0.961257418909593,-0.693666666666667,1.31,"G-580A"
Jan 2018,1.00950268817204,-0.62494623655914,2.35,"G-860"
Jan 2018,1.13390188172043,-1.18788481182796,2.529888,"PB-1680"
Jan 2018,3.88266196236559,-0.890054435483871,3.929844,"G-2147"
Jan 2018,4.32886491935484,-1.18788481182796,2.629896,"G-1260"
Jan 2018,6.23835282258065,-0.890054435483871,2.779872,"G-2866"
Feb 2018,-0.372627651217596,-1.14461830357143,1.109952,"G-1220"
Feb 2018,-0.220786006698921,-0.846788690476191,0.36,"G-3549"
Feb 2018,0.0988227946916471,-1.14461830357143,0.509964,"G-561"
Feb 2018,0.11558131745441,-1.03504613095238,0.22,"F-179"
Feb 2018,0.125635889798958,-0.933324404761905,0.23,"F-45"
Feb 2018,0.295674055829228,-1.1876212797619,0.789972,"PB-1680"
Feb 2018,0.393634472511144,NA,0.44,"G-852"
Feb 2018,0.594066617045032,-1.03504613095238,0.25,"F-319"
Feb 2018,0.849990825688073,-0.866598214285714,0.36,"G-580A"
Feb 2018,0.973731398809524,-0.784523809523809,0.32,"G-860"
Feb 2018,3.0236369047619,-0.893615773809524,0.799992,"G-2147"
Feb 2018,3.18612574404762,-1.1876212797619,0.710004,"G-1260"
Feb 2018,4.95459226190476,-0.893615773809524,0.339984,"G-2866"
Mar 2018,-0.267382234185733,-1.04371480484522,0.989976,"G-1220"
Mar 2018,-0.0473694481830417,-0.385959677419355,0.35,"G-3549"
Mar 2018,0.179902997642304,-0.353935483870968,0.24,"F-45"
Mar 2018,0.279577388963661,-1.04371480484522,0.979968,"G-561"
Mar 2018,0.31500134589502,NA,0.155,"G-852"
Mar 2018,0.360263122476447,-0.418444892473118,0.33,"F-179"
Mar 2018,0.681161507402423,-0.418444892473118,0.48,"F-319"
Mar 2018,0.843511440107672,-0.354298387096774,0.17,"G-580A"
Mar 2018,0.941685733512786,-0.283548387096774,0.88,"G-860"
Mar 2018,2.2162597577389,-1.19057873485868,0.75,"G-1260"
Mar 2018,2.69619582772544,-0.892577119784657,0.659988,"G-2147"
Mar 2018,3.867633243607,-0.892577119784657,1.160004,"G-2866"
Apr 2018,-0.192066337041615,-0.939012083333333,3.509928,"G-1220"
Apr 2018,0.169164987843001,-0.721444444444444,4.98,"G-3549"
Apr 2018,0.269693990969087,-0.756344444444444,1.39,"F-179"
Apr 2018,0.273885416666667,-0.939012083333333,2.449944,"G-561"
Apr 2018,0.276591250552364,NA,1.38,"G-852"
Apr 2018,0.604098298020146,-0.756344444444444,2.89,"F-319"
Apr 2018,0.676986111111111,-0.690236111111111,2.52,"G-580A"
Apr 2018,0.809525877040639,-0.641555555555555,5.4,"G-860"
Apr 2018,2.1314375,-1.18877569444444,7.789956,"G-1260"
Apr 2018,3.11076736111111,-0.893479166666667,6.259896,"G-2147"
Apr 2018,3.75188194444444,-0.893479166666667,9.259944,"G-2866"
May 2018,0.30910752688172,-0.803204301075269,10.05,"G-3549"
May 2018,0.636631720430108,-0.928065860215054,7.17,"F-179"
May 2018,0.94835685483871,-0.756922043010753,9.56,"G-860"
May 2018,1.44257123655914,-0.932925537634409,14.879844,"G-561"
May 2018,4.09692271505376,-0.894159543010753,18.159852,"G-2147"
May 2018,4.28664717741936,-1.18933951612903,18.0498,"G-1260"
May 2018,6.11911559139785,-0.894159543010753,18.769644,"G-2866"
Jun 2018,0.349703125,-0.761028011204482,4.69,"G-3549"
Jun 2018,1.0040421686747,-0.763355244755245,4.01,"F-179"
Jun 2018,1.24060471976401,-0.712960893854748,5.76,"G-860"
Jun 2018,1.94555034722222,-0.982306527777778,6.399924,"G-561"
Jun 2018,6.42310243055556,-1.18784236111111,5.089836,"G-1260"
Jun 2018,9.359171875,-0.892723472222222,5.8599,"G-2866"
